-- phpMyAdmin SQL Dump
-- version 5.2.1
-- https://www.phpmyadmin.net/
--
-- Host: 127.0.0.1
-- Generation Time: Apr 22, 2024 at 10:30 AM
-- Server version: 10.4.32-MariaDB
-- PHP Version: 8.2.12

SET SQL_MODE = "NO_AUTO_VALUE_ON_ZERO";
START TRANSACTION;
SET time_zone = "+00:00";


/*!40101 SET @OLD_CHARACTER_SET_CLIENT=@@CHARACTER_SET_CLIENT */;
/*!40101 SET @OLD_CHARACTER_SET_RESULTS=@@CHARACTER_SET_RESULTS */;
/*!40101 SET @OLD_COLLATION_CONNECTION=@@COLLATION_CONNECTION */;
/*!40101 SET NAMES utf8mb4 */;

--
-- Database: `quanlynhansu`
--

-- --------------------------------------------------------

--
-- Table structure for table `chamcong`
--

CREATE TABLE `chamcong` (
  `MaChamCong` varchar(255) NOT NULL,
  `MaNhanVien` varchar(255) DEFAULT NULL,
  `Thang` int(11) DEFAULT NULL,
  `Nam` int(11) DEFAULT NULL,
  `SoNgayLamViec` int(11) DEFAULT NULL
) ENGINE=InnoDB DEFAULT CHARSET=utf8mb4 COLLATE=utf8mb4_vietnamese_ci;

--
-- Dumping data for table `chamcong`
--

INSERT INTO `chamcong` (`MaChamCong`, `MaNhanVien`, `Thang`, `Nam`, `SoNgayLamViec`) VALUES
('CC00001', 'NV12945', 1, 2023, 23),
('CC00002', 'NV12945', 2, 2023, 20),
('CC00003', 'NV12945', 3, 2023, 22),
('CC00004', 'NV12945', 4, 2023, 28),
('CC00005', 'NV12945', 5, 2023, 28),
('CC00006', 'NV12945', 6, 2023, 26),
('CC00007', 'NV12945', 7, 2023, 20),
('CC00008', 'NV12945', 8, 2023, 21),
('CC00009', 'NV12945', 9, 2023, 27),
('CC00010', 'NV12945', 10, 2023, 21),
('CC00011', 'NV12945', 11, 2023, 20),
('CC00012', 'NV12945', 12, 2023, 26),
('CC00013', 'NV14682', 1, 2023, 27),
('CC00014', 'NV14682', 2, 2023, 28),
('CC00015', 'NV14682', 3, 2023, 28),
('CC00016', 'NV14682', 4, 2023, 23),
('CC00017', 'NV14682', 5, 2023, 26),
('CC00018', 'NV14682', 6, 2023, 25),
('CC00019', 'NV14682', 7, 2023, 28),
('CC00020', 'NV14682', 8, 2023, 22),
('CC00021', 'NV14682', 9, 2023, 26),
('CC00022', 'NV14682', 10, 2023, 28),
('CC00023', 'NV14682', 11, 2023, 28),
('CC00024', 'NV14682', 12, 2023, 23),
('CC00025', 'NV18357', 1, 2023, 23),
('CC00026', 'NV18357', 2, 2023, 22),
('CC00027', 'NV18357', 3, 2023, 26),
('CC00028', 'NV18357', 4, 2023, 21),
('CC00029', 'NV18357', 5, 2023, 26),
('CC00030', 'NV18357', 6, 2023, 26),
('CC00031', 'NV18357', 7, 2023, 22),
('CC00032', 'NV18357', 8, 2023, 24),
('CC00033', 'NV18357', 9, 2023, 25),
('CC00034', 'NV18357', 10, 2023, 27),
('CC00035', 'NV18357', 11, 2023, 23),
('CC00036', 'NV18357', 12, 2023, 23),
('CC00037', 'NV31549', 1, 2023, 20),
('CC00038', 'NV31549', 2, 2023, 22),
('CC00039', 'NV31549', 3, 2023, 27),
('CC00040', 'NV31549', 4, 2023, 25),
('CC00041', 'NV31549', 5, 2023, 22),
('CC00042', 'NV31549', 6, 2023, 20),
('CC00043', 'NV31549', 7, 2023, 26),
('CC00044', 'NV31549', 8, 2023, 24),
('CC00045', 'NV31549', 9, 2023, 20),
('CC00046', 'NV31549', 10, 2023, 21),
('CC00047', 'NV31549', 11, 2023, 25),
('CC00048', 'NV31549', 12, 2023, 24),
('CC00049', 'NV37685', 1, 2023, 23),
('CC00050', 'NV37685', 2, 2023, 20),
('CC00051', 'NV37685', 3, 2023, 22),
('CC00052', 'NV37685', 4, 2023, 20),
('CC00053', 'NV37685', 5, 2023, 21),
('CC00054', 'NV37685', 6, 2023, 24),
('CC00055', 'NV37685', 7, 2023, 20),
('CC00056', 'NV37685', 8, 2023, 24),
('CC00057', 'NV37685', 9, 2023, 21),
('CC00058', 'NV37685', 10, 2023, 22),
('CC00059', 'NV37685', 11, 2023, 24),
('CC00060', 'NV37685', 12, 2023, 25),
('CC00061', 'NV42915', 1, 2023, 20),
('CC00062', 'NV42915', 2, 2023, 28),
('CC00063', 'NV42915', 3, 2023, 24),
('CC00064', 'NV42915', 4, 2023, 28),
('CC00065', 'NV42915', 5, 2023, 25),
('CC00066', 'NV42915', 6, 2023, 27),
('CC00067', 'NV42915', 7, 2023, 27),
('CC00068', 'NV42915', 8, 2023, 25),
('CC00069', 'NV42915', 9, 2023, 28),
('CC00070', 'NV42915', 10, 2023, 22),
('CC00071', 'NV42915', 11, 2023, 21),
('CC00072', 'NV42915', 12, 2023, 22),
('CC00073', 'NV42958', 1, 2023, 28),
('CC00074', 'NV42958', 2, 2023, 20),
('CC00075', 'NV42958', 3, 2023, 20),
('CC00076', 'NV42958', 4, 2023, 27),
('CC00077', 'NV42958', 5, 2023, 24),
('CC00078', 'NV42958', 6, 2023, 26),
('CC00079', 'NV42958', 7, 2023, 25),
('CC00080', 'NV42958', 8, 2023, 26),
('CC00081', 'NV42958', 9, 2023, 24),
('CC00082', 'NV42958', 10, 2023, 20),
('CC00083', 'NV42958', 11, 2023, 21),
('CC00084', 'NV42958', 12, 2023, 27),
('CC00085', 'NV53872', 1, 2023, 27),
('CC00086', 'NV53872', 2, 2023, 20),
('CC00087', 'NV53872', 3, 2023, 28),
('CC00088', 'NV53872', 4, 2023, 21),
('CC00089', 'NV53872', 5, 2023, 26),
('CC00090', 'NV53872', 6, 2023, 24),
('CC00091', 'NV53872', 7, 2023, 22),
('CC00092', 'NV53872', 8, 2023, 23),
('CC00093', 'NV53872', 9, 2023, 25),
('CC00094', 'NV53872', 10, 2023, 20),
('CC00095', 'NV53872', 11, 2023, 22),
('CC00096', 'NV53872', 12, 2023, 27),
('CC00097', 'NV61539', 1, 2023, 25),
('CC00098', 'NV61539', 2, 2023, 21),
('CC00099', 'NV61539', 3, 2023, 27),
('CC00100', 'NV61539', 4, 2023, 26),
('CC00101', 'NV61539', 5, 2023, 23),
('CC00102', 'NV61539', 6, 2023, 27),
('CC00103', 'NV61539', 7, 2023, 22),
('CC00104', 'NV61539', 8, 2023, 24),
('CC00105', 'NV61539', 9, 2023, 22),
('CC00106', 'NV61539', 10, 2023, 27),
('CC00107', 'NV61539', 11, 2023, 23),
('CC00108', 'NV61539', 12, 2023, 28),
('CC00109', 'NV84520', 1, 2023, 20),
('CC00110', 'NV84520', 2, 2023, 24),
('CC00111', 'NV84520', 3, 2023, 23),
('CC00112', 'NV84520', 4, 2023, 22),
('CC00113', 'NV84520', 5, 2023, 26),
('CC00114', 'NV84520', 6, 2023, 25),
('CC00115', 'NV84520', 7, 2023, 28),
('CC00116', 'NV84520', 8, 2023, 23),
('CC00117', 'NV84520', 9, 2023, 27),
('CC00118', 'NV84520', 10, 2023, 20),
('CC00119', 'NV84520', 11, 2023, 22),
('CC00120', 'NV84520', 12, 2023, 25),
('CC00121', 'NV91582', 1, 2023, 27),
('CC00122', 'NV91582', 2, 2023, 27),
('CC00123', 'NV91582', 3, 2023, 23),
('CC00124', 'NV91582', 4, 2023, 21),
('CC00125', 'NV91582', 5, 2023, 26),
('CC00126', 'NV91582', 6, 2023, 24),
('CC00127', 'NV91582', 7, 2023, 21),
('CC00128', 'NV91582', 8, 2023, 25),
('CC00129', 'NV91582', 9, 2023, 24),
('CC00130', 'NV91582', 10, 2023, 23),
('CC00131', 'NV91582', 11, 2023, 22),
('CC00132', 'NV91582', 12, 2023, 26),
('CC00133', 'NV92715', 1, 2023, 25),
('CC00134', 'NV92715', 2, 2023, 26),
('CC00135', 'NV92715', 3, 2023, 25),
('CC00136', 'NV92715', 4, 2023, 20),
('CC00137', 'NV92715', 5, 2023, 20),
('CC00138', 'NV92715', 6, 2023, 20),
('CC00139', 'NV92715', 7, 2023, 20),
('CC00140', 'NV92715', 8, 2023, 20),
('CC00141', 'NV92715', 9, 2023, 25),
('CC00142', 'NV92715', 10, 2023, 26),
('CC00143', 'NV92715', 11, 2023, 23),
('CC00144', 'NV92715', 12, 2023, 27),
('CC00145', 'NV16872', 1, 2023, 22),
('CC00146', 'NV16872', 2, 2023, 28),
('CC00147', 'NV16872', 3, 2023, 25),
('CC00148', 'NV16872', 4, 2023, 26),
('CC00149', 'NV16872', 5, 2023, 25),
('CC00150', 'NV16872', 6, 2023, 25),
('CC00151', 'NV16872', 7, 2023, 23),
('CC00152', 'NV16872', 8, 2023, 20),
('CC00153', 'NV16872', 9, 2023, 27),
('CC00154', 'NV16872', 10, 2023, 24),
('CC00155', 'NV16872', 11, 2023, 26),
('CC00156', 'NV16872', 12, 2023, 27),
('CC00157', 'NV19463', 1, 2023, 21),
('CC00158', 'NV19463', 2, 2023, 20),
('CC00159', 'NV19463', 3, 2023, 28),
('CC00160', 'NV19463', 4, 2023, 25),
('CC00161', 'NV19463', 5, 2023, 28),
('CC00162', 'NV19463', 6, 2023, 21),
('CC00163', 'NV19463', 7, 2023, 25),
('CC00164', 'NV19463', 8, 2023, 23),
('CC00165', 'NV19463', 9, 2023, 23),
('CC00166', 'NV19463', 10, 2023, 22),
('CC00167', 'NV19463', 11, 2023, 27),
('CC00168', 'NV19463', 12, 2023, 26),
('CC00169', 'NV25307', 1, 2023, 28),
('CC00170', 'NV25307', 2, 2023, 26),
('CC00171', 'NV25307', 3, 2023, 24),
('CC00172', 'NV25307', 4, 2023, 28),
('CC00173', 'NV25307', 5, 2023, 23),
('CC00174', 'NV25307', 6, 2023, 20),
('CC00175', 'NV25307', 7, 2023, 25),
('CC00176', 'NV25307', 8, 2023, 23),
('CC00177', 'NV25307', 9, 2023, 22),
('CC00178', 'NV25307', 10, 2023, 23),
('CC00179', 'NV25307', 11, 2023, 28),
('CC00180', 'NV25307', 12, 2023, 27),
('CC00181', 'NV41632', 1, 2023, 20),
('CC00182', 'NV41632', 2, 2023, 26),
('CC00183', 'NV41632', 3, 2023, 20),
('CC00184', 'NV41632', 4, 2023, 24),
('CC00185', 'NV41632', 5, 2023, 25),
('CC00186', 'NV41632', 6, 2023, 22),
('CC00187', 'NV41632', 7, 2023, 25),
('CC00188', 'NV41632', 8, 2023, 22),
('CC00189', 'NV41632', 9, 2023, 20),
('CC00190', 'NV41632', 10, 2023, 21),
('CC00191', 'NV41632', 11, 2023, 24),
('CC00192', 'NV41632', 12, 2023, 22),
('CC00193', 'NV43729', 1, 2023, 25),
('CC00194', 'NV43729', 2, 2023, 22),
('CC00195', 'NV43729', 3, 2023, 25),
('CC00196', 'NV43729', 4, 2023, 23),
('CC00197', 'NV43729', 5, 2023, 27),
('CC00198', 'NV43729', 6, 2023, 28),
('CC00199', 'NV43729', 7, 2023, 25),
('CC00200', 'NV43729', 8, 2023, 23),
('CC00201', 'NV43729', 9, 2023, 23),
('CC00202', 'NV43729', 10, 2023, 20),
('CC00203', 'NV43729', 11, 2023, 27),
('CC00204', 'NV43729', 12, 2023, 26),
('CC00205', 'NV49163', 1, 2023, 24),
('CC00206', 'NV49163', 2, 2023, 24),
('CC00207', 'NV49163', 3, 2023, 26),
('CC00208', 'NV49163', 4, 2023, 26),
('CC00209', 'NV49163', 5, 2023, 21),
('CC00210', 'NV49163', 6, 2023, 25),
('CC00211', 'NV49163', 7, 2023, 24),
('CC00212', 'NV49163', 8, 2023, 24),
('CC00213', 'NV49163', 9, 2023, 21),
('CC00214', 'NV49163', 10, 2023, 21),
('CC00215', 'NV49163', 11, 2023, 27),
('CC00216', 'NV49163', 12, 2023, 23),
('CC00217', 'NV59147', 1, 2023, 23),
('CC00218', 'NV59147', 2, 2023, 28),
('CC00219', 'NV59147', 3, 2023, 25),
('CC00220', 'NV59147', 4, 2023, 27),
('CC00221', 'NV59147', 5, 2023, 21),
('CC00222', 'NV59147', 6, 2023, 20),
('CC00223', 'NV59147', 7, 2023, 27),
('CC00224', 'NV59147', 8, 2023, 23),
('CC00225', 'NV59147', 9, 2023, 24),
('CC00226', 'NV59147', 10, 2023, 24),
('CC00227', 'NV59147', 11, 2023, 24),
('CC00228', 'NV59147', 12, 2023, 26),
('CC00229', 'NV63985', 1, 2023, 23),
('CC00230', 'NV63985', 2, 2023, 21),
('CC00231', 'NV63985', 3, 2023, 21),
('CC00232', 'NV63985', 4, 2023, 28),
('CC00233', 'NV63985', 5, 2023, 23),
('CC00234', 'NV63985', 6, 2023, 25),
('CC00235', 'NV63985', 7, 2023, 21),
('CC00236', 'NV63985', 8, 2023, 24),
('CC00237', 'NV63985', 9, 2023, 24),
('CC00238', 'NV63985', 10, 2023, 27),
('CC00239', 'NV63985', 11, 2023, 25),
('CC00240', 'NV63985', 12, 2023, 21),
('CC00241', 'NV82035', 1, 2023, 27),
('CC00242', 'NV82035', 2, 2023, 22),
('CC00243', 'NV82035', 3, 2023, 28),
('CC00244', 'NV82035', 4, 2023, 27),
('CC00245', 'NV82035', 5, 2023, 28),
('CC00246', 'NV82035', 6, 2023, 20),
('CC00247', 'NV82035', 7, 2023, 20),
('CC00248', 'NV82035', 8, 2023, 22),
('CC00249', 'NV82035', 9, 2023, 26),
('CC00250', 'NV82035', 10, 2023, 22),
('CC00251', 'NV82035', 11, 2023, 24),
('CC00252', 'NV82035', 12, 2023, 22),
('CC00253', 'NV85612', 1, 2023, 26),
('CC00254', 'NV85612', 2, 2023, 20),
('CC00255', 'NV85612', 3, 2023, 26),
('CC00256', 'NV85612', 4, 2023, 22),
('CC00257', 'NV85612', 5, 2023, 21),
('CC00258', 'NV85612', 6, 2023, 21),
('CC00259', 'NV85612', 7, 2023, 25),
('CC00260', 'NV85612', 8, 2023, 20),
('CC00261', 'NV85612', 9, 2023, 28),
('CC00262', 'NV85612', 10, 2023, 26),
('CC00263', 'NV85612', 11, 2023, 22),
('CC00264', 'NV85612', 12, 2023, 26),
('CC00265', 'NV89216', 1, 2023, 24),
('CC00266', 'NV89216', 2, 2023, 27),
('CC00267', 'NV89216', 3, 2023, 22),
('CC00268', 'NV89216', 4, 2023, 24),
('CC00269', 'NV89216', 5, 2023, 25),
('CC00270', 'NV89216', 6, 2023, 23),
('CC00271', 'NV89216', 7, 2023, 28),
('CC00272', 'NV89216', 8, 2023, 28),
('CC00273', 'NV89216', 9, 2023, 23),
('CC00274', 'NV89216', 10, 2023, 20),
('CC00275', 'NV89216', 11, 2023, 27),
('CC00276', 'NV89216', 12, 2023, 28),
('CC00277', 'NV21945', 1, 2023, 23),
('CC00278', 'NV21945', 2, 2023, 23),
('CC00279', 'NV21945', 3, 2023, 20),
('CC00280', 'NV21945', 4, 2023, 27),
('CC00281', 'NV21945', 5, 2023, 26),
('CC00282', 'NV21945', 6, 2023, 24),
('CC00283', 'NV21945', 7, 2023, 20),
('CC00284', 'NV21945', 8, 2023, 28),
('CC00285', 'NV21945', 9, 2023, 22),
('CC00286', 'NV21945', 10, 2023, 21),
('CC00287', 'NV21945', 11, 2023, 25),
('CC00288', 'NV21945', 12, 2023, 27),
('CC00289', 'NV27394', 1, 2023, 26),
('CC00290', 'NV27394', 2, 2023, 26),
('CC00291', 'NV27394', 3, 2023, 23),
('CC00292', 'NV27394', 4, 2023, 26),
('CC00293', 'NV27394', 5, 2023, 25),
('CC00294', 'NV27394', 6, 2023, 28),
('CC00295', 'NV27394', 7, 2023, 27),
('CC00296', 'NV27394', 8, 2023, 27),
('CC00297', 'NV27394', 9, 2023, 26),
('CC00298', 'NV27394', 10, 2023, 24),
('CC00299', 'NV27394', 11, 2023, 25),
('CC00300', 'NV27394', 12, 2023, 22),
('CC00301', 'NV44182', 1, 2023, 26),
('CC00302', 'NV44182', 2, 2023, 26),
('CC00303', 'NV44182', 3, 2023, 24),
('CC00304', 'NV44182', 4, 2023, 23),
('CC00305', 'NV44182', 5, 2023, 28),
('CC00306', 'NV44182', 6, 2023, 27),
('CC00307', 'NV44182', 7, 2023, 24),
('CC00308', 'NV44182', 8, 2023, 25),
('CC00309', 'NV44182', 9, 2023, 23),
('CC00310', 'NV44182', 10, 2023, 22),
('CC00311', 'NV44182', 11, 2023, 24),
('CC00312', 'NV44182', 12, 2023, 26),
('CC00313', 'NV48925', 1, 2023, 20),
('CC00314', 'NV48925', 2, 2023, 25),
('CC00315', 'NV48925', 3, 2023, 26),
('CC00316', 'NV48925', 4, 2023, 23),
('CC00317', 'NV48925', 5, 2023, 21),
('CC00318', 'NV48925', 6, 2023, 24),
('CC00319', 'NV48925', 7, 2023, 26),
('CC00320', 'NV48925', 8, 2023, 20),
('CC00321', 'NV48925', 9, 2023, 28),
('CC00322', 'NV48925', 10, 2023, 21),
('CC00323', 'NV48925', 11, 2023, 28),
('CC00324', 'NV48925', 12, 2023, 23),
('CC00325', 'NV50493', 1, 2023, 25),
('CC00326', 'NV50493', 2, 2023, 27),
('CC00327', 'NV50493', 3, 2023, 27),
('CC00328', 'NV50493', 4, 2023, 28),
('CC00329', 'NV50493', 5, 2023, 20),
('CC00330', 'NV50493', 6, 2023, 26),
('CC00331', 'NV50493', 7, 2023, 27),
('CC00332', 'NV50493', 8, 2023, 28),
('CC00333', 'NV50493', 9, 2023, 21),
('CC00334', 'NV50493', 10, 2023, 28),
('CC00335', 'NV50493', 11, 2023, 25),
('CC00336', 'NV50493', 12, 2023, 24),
('CC00337', 'NV61835', 1, 2023, 21),
('CC00338', 'NV61835', 2, 2023, 25),
('CC00339', 'NV61835', 3, 2023, 25),
('CC00340', 'NV61835', 4, 2023, 23),
('CC00341', 'NV61835', 5, 2023, 27),
('CC00342', 'NV61835', 6, 2023, 25),
('CC00343', 'NV61835', 7, 2023, 24),
('CC00344', 'NV61835', 8, 2023, 20),
('CC00345', 'NV61835', 9, 2023, 21),
('CC00346', 'NV61835', 10, 2023, 28),
('CC00347', 'NV61835', 11, 2023, 27),
('CC00348', 'NV61835', 12, 2023, 27),
('CC00349', 'NV65184', 1, 2023, 25),
('CC00350', 'NV65184', 2, 2023, 22),
('CC00351', 'NV65184', 3, 2023, 28),
('CC00352', 'NV65184', 4, 2023, 28),
('CC00353', 'NV65184', 5, 2023, 22),
('CC00354', 'NV65184', 6, 2023, 21),
('CC00355', 'NV65184', 7, 2023, 28),
('CC00356', 'NV65184', 8, 2023, 20),
('CC00357', 'NV65184', 9, 2023, 27),
('CC00358', 'NV65184', 10, 2023, 20),
('CC00359', 'NV65184', 11, 2023, 24),
('CC00360', 'NV65184', 12, 2023, 22),
('CC00361', 'NV68429', 1, 2023, 25),
('CC00362', 'NV68429', 2, 2023, 23),
('CC00363', 'NV68429', 3, 2023, 20),
('CC00364', 'NV68429', 4, 2023, 22),
('CC00365', 'NV68429', 5, 2023, 20),
('CC00366', 'NV68429', 6, 2023, 21),
('CC00367', 'NV68429', 7, 2023, 21),
('CC00368', 'NV68429', 8, 2023, 24),
('CC00369', 'NV68429', 9, 2023, 22),
('CC00370', 'NV68429', 10, 2023, 27),
('CC00371', 'NV68429', 11, 2023, 20),
('CC00372', 'NV68429', 12, 2023, 20),
('CC00373', 'NV70549', 1, 2023, 24),
('CC00374', 'NV70549', 2, 2023, 21),
('CC00375', 'NV70549', 3, 2023, 20),
('CC00376', 'NV70549', 4, 2023, 21),
('CC00377', 'NV70549', 5, 2023, 28),
('CC00378', 'NV70549', 6, 2023, 24),
('CC00379', 'NV70549', 7, 2023, 28),
('CC00380', 'NV70549', 8, 2023, 24),
('CC00381', 'NV70549', 9, 2023, 27),
('CC00382', 'NV70549', 10, 2023, 24),
('CC00383', 'NV70549', 11, 2023, 24),
('CC00384', 'NV70549', 12, 2023, 22),
('CC00385', 'NV89513', 1, 2023, 26),
('CC00386', 'NV89513', 2, 2023, 27),
('CC00387', 'NV89513', 3, 2023, 23),
('CC00388', 'NV89513', 4, 2023, 26),
('CC00389', 'NV89513', 5, 2023, 25),
('CC00390', 'NV89513', 6, 2023, 20),
('CC00391', 'NV89513', 7, 2023, 28),
('CC00392', 'NV89513', 8, 2023, 27),
('CC00393', 'NV89513', 9, 2023, 26),
('CC00394', 'NV89513', 10, 2023, 21),
('CC00395', 'NV89513', 11, 2023, 23),
('CC00396', 'NV89513', 12, 2023, 24),
('CC00397', 'NV93851', 1, 2023, 27),
('CC00398', 'NV93851', 2, 2023, 28),
('CC00399', 'NV93851', 3, 2023, 25),
('CC00400', 'NV93851', 4, 2023, 22),
('CC00401', 'NV93851', 5, 2023, 21),
('CC00402', 'NV93851', 6, 2023, 23),
('CC00403', 'NV93851', 7, 2023, 27),
('CC00404', 'NV93851', 8, 2023, 26),
('CC00405', 'NV93851', 9, 2023, 28),
('CC00406', 'NV93851', 10, 2023, 27),
('CC00407', 'NV93851', 11, 2023, 22),
('CC00408', 'NV93851', 12, 2023, 27),
('CC00409', 'NV16349', 1, 2023, 25),
('CC00410', 'NV16349', 2, 2023, 24),
('CC00411', 'NV16349', 3, 2023, 21),
('CC00412', 'NV16349', 4, 2023, 20),
('CC00413', 'NV16349', 5, 2023, 26),
('CC00414', 'NV16349', 6, 2023, 22),
('CC00415', 'NV16349', 7, 2023, 20),
('CC00416', 'NV16349', 8, 2023, 28),
('CC00417', 'NV16349', 9, 2023, 21),
('CC00418', 'NV16349', 10, 2023, 26),
('CC00419', 'NV16349', 11, 2023, 25),
('CC00420', 'NV16349', 12, 2023, 27),
('CC00421', 'NV49102', 1, 2023, 22),
('CC00422', 'NV49102', 2, 2023, 20),
('CC00423', 'NV49102', 3, 2023, 26),
('CC00424', 'NV49102', 4, 2023, 28),
('CC00425', 'NV49102', 5, 2023, 20),
('CC00426', 'NV49102', 6, 2023, 25),
('CC00427', 'NV49102', 7, 2023, 23),
('CC00428', 'NV49102', 8, 2023, 24),
('CC00429', 'NV49102', 9, 2023, 21),
('CC00430', 'NV49102', 10, 2023, 20),
('CC00431', 'NV49102', 11, 2023, 22),
('CC00432', 'NV49102', 12, 2023, 24),
('CC00433', 'NV64319', 1, 2023, 24),
('CC00434', 'NV64319', 2, 2023, 27),
('CC00435', 'NV64319', 3, 2023, 28),
('CC00436', 'NV64319', 4, 2023, 28),
('CC00437', 'NV64319', 5, 2023, 21),
('CC00438', 'NV64319', 6, 2023, 25),
('CC00439', 'NV64319', 7, 2023, 27),
('CC00440', 'NV64319', 8, 2023, 20),
('CC00441', 'NV64319', 9, 2023, 24),
('CC00442', 'NV64319', 10, 2023, 23),
('CC00443', 'NV64319', 11, 2023, 20),
('CC00444', 'NV64319', 12, 2023, 22),
('CC00445', 'NV64390', 1, 2023, 26),
('CC00446', 'NV64390', 2, 2023, 21),
('CC00447', 'NV64390', 3, 2023, 28),
('CC00448', 'NV64390', 4, 2023, 26),
('CC00449', 'NV64390', 5, 2023, 24),
('CC00450', 'NV64390', 6, 2023, 23),
('CC00451', 'NV64390', 7, 2023, 27),
('CC00452', 'NV64390', 8, 2023, 27),
('CC00453', 'NV64390', 9, 2023, 23),
('CC00454', 'NV64390', 10, 2023, 28),
('CC00455', 'NV64390', 11, 2023, 20),
('CC00456', 'NV64390', 12, 2023, 25),
('CC00457', 'NV68294', 1, 2023, 22),
('CC00458', 'NV68294', 2, 2023, 27),
('CC00459', 'NV68294', 3, 2023, 20),
('CC00460', 'NV68294', 4, 2023, 28),
('CC00461', 'NV68294', 5, 2023, 24),
('CC00462', 'NV68294', 6, 2023, 21),
('CC00463', 'NV68294', 7, 2023, 25),
('CC00464', 'NV68294', 8, 2023, 22),
('CC00465', 'NV68294', 9, 2023, 20),
('CC00466', 'NV68294', 10, 2023, 26),
('CC00467', 'NV68294', 11, 2023, 24),
('CC00468', 'NV68294', 12, 2023, 23),
('CC00469', 'NV69213', 1, 2023, 24),
('CC00470', 'NV69213', 2, 2023, 24),
('CC00471', 'NV69213', 3, 2023, 22),
('CC00472', 'NV69213', 4, 2023, 23),
('CC00473', 'NV69213', 5, 2023, 27),
('CC00474', 'NV69213', 6, 2023, 27),
('CC00475', 'NV69213', 7, 2023, 22),
('CC00476', 'NV69213', 8, 2023, 22),
('CC00477', 'NV69213', 9, 2023, 20),
('CC00478', 'NV69213', 10, 2023, 28),
('CC00479', 'NV69213', 11, 2023, 24),
('CC00480', 'NV69213', 12, 2023, 24),
('CC00481', 'NV72610', 1, 2023, 22),
('CC00482', 'NV72610', 2, 2023, 23),
('CC00483', 'NV72610', 3, 2023, 28),
('CC00484', 'NV72610', 4, 2023, 22),
('CC00485', 'NV72610', 5, 2023, 22),
('CC00486', 'NV72610', 6, 2023, 27),
('CC00487', 'NV72610', 7, 2023, 20),
('CC00488', 'NV72610', 8, 2023, 26),
('CC00489', 'NV72610', 9, 2023, 23),
('CC00490', 'NV72610', 10, 2023, 24),
('CC00491', 'NV72610', 11, 2023, 26),
('CC00492', 'NV72610', 12, 2023, 27),
('CC00493', 'NV74810', 1, 2023, 21),
('CC00494', 'NV74810', 2, 2023, 28),
('CC00495', 'NV74810', 3, 2023, 24),
('CC00496', 'NV74810', 4, 2023, 24),
('CC00497', 'NV74810', 5, 2023, 24),
('CC00498', 'NV74810', 6, 2023, 24),
('CC00499', 'NV74810', 7, 2023, 26),
('CC00500', 'NV74810', 8, 2023, 23),
('CC00501', 'NV74810', 9, 2023, 22),
('CC00502', 'NV74810', 10, 2023, 26),
('CC00503', 'NV74810', 11, 2023, 25),
('CC00504', 'NV74810', 12, 2023, 28),
('CC00505', 'NV74825', 1, 2023, 20),
('CC00506', 'NV74825', 2, 2023, 21),
('CC00507', 'NV74825', 3, 2023, 24),
('CC00508', 'NV74825', 4, 2023, 21),
('CC00509', 'NV74825', 5, 2023, 24),
('CC00510', 'NV74825', 6, 2023, 26),
('CC00511', 'NV74825', 7, 2023, 21),
('CC00512', 'NV74825', 8, 2023, 26),
('CC00513', 'NV74825', 9, 2023, 25),
('CC00514', 'NV74825', 10, 2023, 27),
('CC00515', 'NV74825', 11, 2023, 24),
('CC00516', 'NV74825', 12, 2023, 24),
('CC00517', 'NV30547', 1, 2023, 23),
('CC00518', 'NV30547', 2, 2023, 24),
('CC00519', 'NV30547', 3, 2023, 20),
('CC00520', 'NV30547', 4, 2023, 27),
('CC00521', 'NV30547', 5, 2023, 28),
('CC00522', 'NV30547', 6, 2023, 24),
('CC00523', 'NV30547', 7, 2023, 23),
('CC00524', 'NV30547', 8, 2023, 21),
('CC00525', 'NV30547', 9, 2023, 23),
('CC00526', 'NV30547', 10, 2023, 23),
('CC00527', 'NV30547', 11, 2023, 21),
('CC00528', 'NV30547', 12, 2023, 20),
('CC00529', 'NV37491', 1, 2023, 28),
('CC00530', 'NV37491', 2, 2023, 21),
('CC00531', 'NV37491', 3, 2023, 20),
('CC00532', 'NV37491', 4, 2023, 26),
('CC00533', 'NV37491', 5, 2023, 23),
('CC00534', 'NV37491', 6, 2023, 22),
('CC00535', 'NV37491', 7, 2023, 22),
('CC00536', 'NV37491', 8, 2023, 24),
('CC00537', 'NV37491', 9, 2023, 27),
('CC00538', 'NV37491', 10, 2023, 24),
('CC00539', 'NV37491', 11, 2023, 23),
('CC00540', 'NV37491', 12, 2023, 24),
('CC00541', 'NV39853', 1, 2023, 28),
('CC00542', 'NV39853', 2, 2023, 21),
('CC00543', 'NV39853', 3, 2023, 20),
('CC00544', 'NV39853', 4, 2023, 22),
('CC00545', 'NV39853', 5, 2023, 28),
('CC00546', 'NV39853', 6, 2023, 24),
('CC00547', 'NV39853', 7, 2023, 23),
('CC00548', 'NV39853', 8, 2023, 23),
('CC00549', 'NV39853', 9, 2023, 25),
('CC00550', 'NV39853', 10, 2023, 22),
('CC00551', 'NV39853', 11, 2023, 27),
('CC00552', 'NV39853', 12, 2023, 27),
('CC00553', 'NV53692', 1, 2023, 22),
('CC00554', 'NV53692', 2, 2023, 28),
('CC00555', 'NV53692', 3, 2023, 21),
('CC00556', 'NV53692', 4, 2023, 22),
('CC00557', 'NV53692', 5, 2023, 21),
('CC00558', 'NV53692', 6, 2023, 25),
('CC00559', 'NV53692', 7, 2023, 20),
('CC00560', 'NV53692', 8, 2023, 25),
('CC00561', 'NV53692', 9, 2023, 21),
('CC00562', 'NV53692', 10, 2023, 22),
('CC00563', 'NV53692', 11, 2023, 26),
('CC00564', 'NV53692', 12, 2023, 22),
('CC00565', 'NV54236', 1, 2023, 26),
('CC00566', 'NV54236', 2, 2023, 22),
('CC00567', 'NV54236', 3, 2023, 22),
('CC00568', 'NV54236', 4, 2023, 21),
('CC00569', 'NV54236', 5, 2023, 20),
('CC00570', 'NV54236', 6, 2023, 28),
('CC00571', 'NV54236', 7, 2023, 21),
('CC00572', 'NV54236', 8, 2023, 25),
('CC00573', 'NV54236', 9, 2023, 21),
('CC00574', 'NV54236', 10, 2023, 27),
('CC00575', 'NV54236', 11, 2023, 26),
('CC00576', 'NV54236', 12, 2023, 22),
('CC00577', 'NV70291', 1, 2023, 27),
('CC00578', 'NV70291', 2, 2023, 20),
('CC00579', 'NV70291', 3, 2023, 26),
('CC00580', 'NV70291', 4, 2023, 21),
('CC00581', 'NV70291', 5, 2023, 27),
('CC00582', 'NV70291', 6, 2023, 28),
('CC00583', 'NV70291', 7, 2023, 21),
('CC00584', 'NV70291', 8, 2023, 28),
('CC00585', 'NV70291', 9, 2023, 22),
('CC00586', 'NV70291', 10, 2023, 24),
('CC00587', 'NV70291', 11, 2023, 22),
('CC00588', 'NV70291', 12, 2023, 23),
('CC00589', 'NV72503', 1, 2023, 20),
('CC00590', 'NV72503', 2, 2023, 20),
('CC00591', 'NV72503', 3, 2023, 21),
('CC00592', 'NV72503', 4, 2023, 21),
('CC00593', 'NV72503', 5, 2023, 20),
('CC00594', 'NV72503', 6, 2023, 21),
('CC00595', 'NV72503', 7, 2023, 26),
('CC00596', 'NV72503', 8, 2023, 25),
('CC00597', 'NV72503', 9, 2023, 27),
('CC00598', 'NV72503', 10, 2023, 25),
('CC00599', 'NV72503', 11, 2023, 22),
('CC00600', 'NV72503', 12, 2023, 22),
('CC00601', 'NV72504', 1, 2023, 21),
('CC00602', 'NV72504', 2, 2023, 23),
('CC00603', 'NV72504', 3, 2023, 20),
('CC00604', 'NV72504', 4, 2023, 22),
('CC00605', 'NV72504', 5, 2023, 23),
('CC00606', 'NV72504', 6, 2023, 20),
('CC00607', 'NV72504', 7, 2023, 23),
('CC00608', 'NV72504', 8, 2023, 23),
('CC00609', 'NV72504', 9, 2023, 24),
('CC00610', 'NV72504', 10, 2023, 26),
('CC00611', 'NV72504', 11, 2023, 28),
('CC00612', 'NV72504', 12, 2023, 24),
('CC00613', 'NV78529', 1, 2023, 26),
('CC00614', 'NV78529', 2, 2023, 27),
('CC00615', 'NV78529', 3, 2023, 21),
('CC00616', 'NV78529', 4, 2023, 20),
('CC00617', 'NV78529', 5, 2023, 28),
('CC00618', 'NV78529', 6, 2023, 20),
('CC00619', 'NV78529', 7, 2023, 24),
('CC00620', 'NV78529', 8, 2023, 24),
('CC00621', 'NV78529', 9, 2023, 28),
('CC00622', 'NV78529', 10, 2023, 28),
('CC00623', 'NV78529', 11, 2023, 22),
('CC00624', 'NV78529', 12, 2023, 20),
('CC00625', 'NV82016', 1, 2023, 27),
('CC00626', 'NV82016', 2, 2023, 25),
('CC00627', 'NV82016', 3, 2023, 21),
('CC00628', 'NV82016', 4, 2023, 26),
('CC00629', 'NV82016', 5, 2023, 25),
('CC00630', 'NV82016', 6, 2023, 24),
('CC00631', 'NV82016', 7, 2023, 20),
('CC00632', 'NV82016', 8, 2023, 21),
('CC00633', 'NV82016', 9, 2023, 25),
('CC00634', 'NV82016', 10, 2023, 26),
('CC00635', 'NV82016', 11, 2023, 24),
('CC00636', 'NV82016', 12, 2023, 23),
('CC00637', 'NV82356', 1, 2023, 21),
('CC00638', 'NV82356', 2, 2023, 23),
('CC00639', 'NV82356', 3, 2023, 27),
('CC00640', 'NV82356', 4, 2023, 26),
('CC00641', 'NV82356', 5, 2023, 27),
('CC00642', 'NV82356', 6, 2023, 21),
('CC00643', 'NV82356', 7, 2023, 26),
('CC00644', 'NV82356', 8, 2023, 20),
('CC00645', 'NV82356', 9, 2023, 26),
('CC00646', 'NV82356', 10, 2023, 22),
('CC00647', 'NV82356', 11, 2023, 22),
('CC00648', 'NV82356', 12, 2023, 24);

-- --------------------------------------------------------

--
-- Table structure for table `chucvu`
--

CREATE TABLE `chucvu` (
  `MaChucVu` varchar(255) NOT NULL,
  `TenChucVu` text DEFAULT NULL,
  `HeSoPhuCap` decimal(3,2) DEFAULT NULL CHECK (`HeSoPhuCap` > 1 and `HeSoPhuCap` < 2)
) ENGINE=InnoDB DEFAULT CHARSET=utf8mb4 COLLATE=utf8mb4_vietnamese_ci;

--
-- Dumping data for table `chucvu`
--

INSERT INTO `chucvu` (`MaChucVu`, `TenChucVu`, `HeSoPhuCap`) VALUES
('CV13893', 'Tổ trưởng ', 1.40),
('CV51085', 'Thư ký ', 1.30),
('CV58723', 'Trưởng phòng ', 1.70),
('CV74707', 'Phó phòng ', 1.60),
('CV81281', 'Nhân viên', 1.10);

-- --------------------------------------------------------

--
-- Table structure for table `luong`
--

CREATE TABLE `luong` (
  `MaLuong` varchar(255) NOT NULL,
  `MaNhanVien` varchar(255) DEFAULT NULL,
  `Thang` int(11) DEFAULT NULL,
  `Nam` int(11) DEFAULT NULL,
  `Luong` decimal(10,0) DEFAULT NULL
) ENGINE=InnoDB DEFAULT CHARSET=utf8mb4 COLLATE=utf8mb4_vietnamese_ci;

--
-- Dumping data for table `luong`
--

INSERT INTO `luong` (`MaLuong`, `MaNhanVien`, `Thang`, `Nam`, `Luong`) VALUES
('L00001', 'NV12945', 1, 2023, 9860000),
('L00002', 'NV12945', 2, 2023, 9020000),
('L00003', 'NV12945', 3, 2023, 9580000),
('L00004', 'NV12945', 4, 2023, 11260000),
('L00005', 'NV12945', 5, 2023, 11260000),
('L00006', 'NV12945', 6, 2023, 10700000),
('L00007', 'NV12945', 7, 2023, 9020000),
('L00008', 'NV12945', 8, 2023, 9300000),
('L00009', 'NV12945', 9, 2023, 10980000),
('L00010', 'NV12945', 10, 2023, 9300000),
('L00011', 'NV12945', 11, 2023, 9020000),
('L00012', 'NV12945', 12, 2023, 10700000),
('L00013', 'NV16349', 1, 2023, 10240000),
('L00014', 'NV16349', 2, 2023, 9960000),
('L00015', 'NV16349', 3, 2023, 9120000),
('L00016', 'NV16349', 4, 2023, 8840000),
('L00017', 'NV16349', 5, 2023, 10520000),
('L00018', 'NV16349', 6, 2023, 9400000),
('L00019', 'NV16349', 7, 2023, 8840000),
('L00020', 'NV16349', 8, 2023, 11080000),
('L00021', 'NV16349', 9, 2023, 9120000),
('L00022', 'NV16349', 10, 2023, 10520000),
('L00023', 'NV16349', 11, 2023, 10240000),
('L00024', 'NV16349', 12, 2023, 10800000),
('L00025', 'NV16872', 1, 2023, 9580000),
('L00026', 'NV16872', 2, 2023, 11260000),
('L00027', 'NV16872', 3, 2023, 10420000),
('L00028', 'NV16872', 4, 2023, 10700000),
('L00029', 'NV16872', 5, 2023, 10420000),
('L00030', 'NV16872', 6, 2023, 10420000),
('L00031', 'NV16872', 7, 2023, 9860000),
('L00032', 'NV16872', 8, 2023, 9020000),
('L00033', 'NV16872', 9, 2023, 10980000),
('L00034', 'NV16872', 10, 2023, 10140000),
('L00035', 'NV16872', 11, 2023, 10700000),
('L00036', 'NV16872', 12, 2023, 10980000),
('L00037', 'NV18357', 1, 2023, 9140000),
('L00038', 'NV18357', 2, 2023, 8860000),
('L00039', 'NV18357', 3, 2023, 9980000),
('L00040', 'NV18357', 4, 2023, 8580000),
('L00041', 'NV18357', 5, 2023, 9980000),
('L00042', 'NV18357', 6, 2023, 9980000),
('L00043', 'NV18357', 7, 2023, 8860000),
('L00044', 'NV18357', 8, 2023, 9420000),
('L00045', 'NV18357', 9, 2023, 9700000),
('L00046', 'NV18357', 10, 2023, 10260000),
('L00047', 'NV18357', 11, 2023, 9140000),
('L00048', 'NV18357', 12, 2023, 9140000),
('L00049', 'NV27394', 1, 2023, 10340000),
('L00050', 'NV27394', 2, 2023, 10340000),
('L00051', 'NV27394', 3, 2023, 9500000),
('L00052', 'NV27394', 4, 2023, 10340000),
('L00053', 'NV27394', 5, 2023, 10060000),
('L00054', 'NV27394', 6, 2023, 10900000),
('L00055', 'NV27394', 7, 2023, 10620000),
('L00056', 'NV27394', 8, 2023, 10620000),
('L00057', 'NV27394', 9, 2023, 10340000),
('L00058', 'NV27394', 10, 2023, 9780000),
('L00059', 'NV27394', 11, 2023, 10060000),
('L00060', 'NV27394', 12, 2023, 9220000),
('L00061', 'NV37685', 1, 2023, 9320000),
('L00062', 'NV37685', 2, 2023, 8480000),
('L00063', 'NV37685', 3, 2023, 9040000),
('L00064', 'NV37685', 4, 2023, 8480000),
('L00065', 'NV37685', 5, 2023, 8760000),
('L00066', 'NV37685', 6, 2023, 9600000),
('L00067', 'NV37685', 7, 2023, 8480000),
('L00068', 'NV37685', 8, 2023, 9600000),
('L00069', 'NV37685', 9, 2023, 8760000),
('L00070', 'NV37685', 10, 2023, 9040000),
('L00071', 'NV37685', 11, 2023, 9600000),
('L00072', 'NV37685', 12, 2023, 9880000),
('L00073', 'NV44182', 1, 2023, 9980000),
('L00074', 'NV44182', 2, 2023, 9980000),
('L00075', 'NV44182', 3, 2023, 9420000),
('L00076', 'NV44182', 4, 2023, 9140000),
('L00077', 'NV44182', 5, 2023, 10540000),
('L00078', 'NV44182', 6, 2023, 10260000),
('L00079', 'NV44182', 7, 2023, 9420000),
('L00080', 'NV44182', 8, 2023, 9700000),
('L00081', 'NV44182', 9, 2023, 9140000),
('L00082', 'NV44182', 10, 2023, 8860000),
('L00083', 'NV44182', 11, 2023, 9420000),
('L00084', 'NV44182', 12, 2023, 9980000),
('L00085', 'NV53692', 1, 2023, 8500000),
('L00086', 'NV53692', 2, 2023, 10180000),
('L00087', 'NV53692', 3, 2023, 8220000),
('L00088', 'NV53692', 4, 2023, 8500000),
('L00089', 'NV53692', 5, 2023, 8220000),
('L00090', 'NV53692', 6, 2023, 9340000),
('L00091', 'NV53692', 7, 2023, 7940000),
('L00092', 'NV53692', 8, 2023, 9340000),
('L00093', 'NV53692', 9, 2023, 8220000),
('L00094', 'NV53692', 10, 2023, 8500000),
('L00095', 'NV53692', 11, 2023, 9620000),
('L00096', 'NV53692', 12, 2023, 8500000),
('L00097', 'NV53872', 1, 2023, 10620000),
('L00098', 'NV53872', 2, 2023, 8660000),
('L00099', 'NV53872', 3, 2023, 10900000),
('L00100', 'NV53872', 4, 2023, 8940000),
('L00101', 'NV53872', 5, 2023, 10340000),
('L00102', 'NV53872', 6, 2023, 9780000),
('L00103', 'NV53872', 7, 2023, 9220000),
('L00104', 'NV53872', 8, 2023, 9500000),
('L00105', 'NV53872', 9, 2023, 10060000),
('L00106', 'NV53872', 10, 2023, 8660000),
('L00107', 'NV53872', 11, 2023, 9220000),
('L00108', 'NV53872', 12, 2023, 10620000),
('L00109', 'NV54236', 1, 2023, 9980000),
('L00110', 'NV54236', 2, 2023, 8860000),
('L00111', 'NV54236', 3, 2023, 8860000),
('L00112', 'NV54236', 4, 2023, 8580000),
('L00113', 'NV54236', 5, 2023, 8300000),
('L00114', 'NV54236', 6, 2023, 10540000),
('L00115', 'NV54236', 7, 2023, 8580000),
('L00116', 'NV54236', 8, 2023, 9700000),
('L00117', 'NV54236', 9, 2023, 8580000),
('L00118', 'NV54236', 10, 2023, 10260000),
('L00119', 'NV54236', 11, 2023, 9980000),
('L00120', 'NV54236', 12, 2023, 8860000),
('L00121', 'NV63985', 1, 2023, 9500000),
('L00122', 'NV63985', 2, 2023, 8940000),
('L00123', 'NV63985', 3, 2023, 8940000),
('L00124', 'NV63985', 4, 2023, 10900000),
('L00125', 'NV63985', 5, 2023, 9500000),
('L00126', 'NV63985', 6, 2023, 10060000),
('L00127', 'NV63985', 7, 2023, 8940000),
('L00128', 'NV63985', 8, 2023, 9780000),
('L00129', 'NV63985', 9, 2023, 9780000),
('L00130', 'NV63985', 10, 2023, 10620000),
('L00131', 'NV63985', 11, 2023, 10060000),
('L00132', 'NV63985', 12, 2023, 8940000),
('L00133', 'NV69213', 1, 2023, 9060000),
('L00134', 'NV69213', 2, 2023, 9060000),
('L00135', 'NV69213', 3, 2023, 8500000),
('L00136', 'NV69213', 4, 2023, 8780000),
('L00137', 'NV69213', 5, 2023, 9900000),
('L00138', 'NV69213', 6, 2023, 9900000),
('L00139', 'NV69213', 7, 2023, 8500000),
('L00140', 'NV69213', 8, 2023, 8500000),
('L00141', 'NV69213', 9, 2023, 7940000),
('L00142', 'NV69213', 10, 2023, 10180000),
('L00143', 'NV69213', 11, 2023, 9060000),
('L00144', 'NV69213', 12, 2023, 9060000),
('L00145', 'NV82035', 1, 2023, 9720000),
('L00146', 'NV82035', 2, 2023, 8320000),
('L00147', 'NV82035', 3, 2023, 10000000),
('L00148', 'NV82035', 4, 2023, 9720000),
('L00149', 'NV82035', 5, 2023, 10000000),
('L00150', 'NV82035', 6, 2023, 7760000),
('L00151', 'NV82035', 7, 2023, 7760000),
('L00152', 'NV82035', 8, 2023, 8320000),
('L00153', 'NV82035', 9, 2023, 9440000),
('L00154', 'NV82035', 10, 2023, 8320000),
('L00155', 'NV82035', 11, 2023, 8880000),
('L00156', 'NV82035', 12, 2023, 8320000),
('L00157', 'NV92715', 1, 2023, 9700000),
('L00158', 'NV92715', 2, 2023, 9980000),
('L00159', 'NV92715', 3, 2023, 9700000),
('L00160', 'NV92715', 4, 2023, 8300000),
('L00161', 'NV92715', 5, 2023, 8300000),
('L00162', 'NV92715', 6, 2023, 8300000),
('L00163', 'NV92715', 7, 2023, 8300000),
('L00164', 'NV92715', 8, 2023, 8300000),
('L00165', 'NV92715', 9, 2023, 9700000),
('L00166', 'NV92715', 10, 2023, 9980000),
('L00167', 'NV92715', 11, 2023, 9140000),
('L00168', 'NV92715', 12, 2023, 10260000),
('L00169', 'NV30547', 1, 2023, 8140000),
('L00170', 'NV30547', 2, 2023, 8400000),
('L00171', 'NV30547', 3, 2023, 7360000),
('L00172', 'NV30547', 4, 2023, 9180000),
('L00173', 'NV30547', 5, 2023, 9440000),
('L00174', 'NV30547', 6, 2023, 8400000),
('L00175', 'NV30547', 7, 2023, 8140000),
('L00176', 'NV30547', 8, 2023, 7620000),
('L00177', 'NV30547', 9, 2023, 8140000),
('L00178', 'NV30547', 10, 2023, 8140000),
('L00179', 'NV30547', 11, 2023, 7620000),
('L00180', 'NV30547', 12, 2023, 7360000),
('L00181', 'NV42915', 1, 2023, 8440000),
('L00182', 'NV42915', 2, 2023, 10520000),
('L00183', 'NV42915', 3, 2023, 9480000),
('L00184', 'NV42915', 4, 2023, 10520000),
('L00185', 'NV42915', 5, 2023, 9740000),
('L00186', 'NV42915', 6, 2023, 10260000),
('L00187', 'NV42915', 7, 2023, 10260000),
('L00188', 'NV42915', 8, 2023, 9740000),
('L00189', 'NV42915', 9, 2023, 10520000),
('L00190', 'NV42915', 10, 2023, 8960000),
('L00191', 'NV42915', 11, 2023, 8700000),
('L00192', 'NV42915', 12, 2023, 8960000),
('L00193', 'NV42958', 1, 2023, 10700000),
('L00194', 'NV42958', 2, 2023, 8620000),
('L00195', 'NV42958', 3, 2023, 8620000),
('L00196', 'NV42958', 4, 2023, 10440000),
('L00197', 'NV42958', 5, 2023, 9660000),
('L00198', 'NV42958', 6, 2023, 10180000),
('L00199', 'NV42958', 7, 2023, 9920000),
('L00200', 'NV42958', 8, 2023, 10180000),
('L00201', 'NV42958', 9, 2023, 9660000),
('L00202', 'NV42958', 10, 2023, 8620000),
('L00203', 'NV42958', 11, 2023, 8880000),
('L00204', 'NV42958', 12, 2023, 10440000),
('L00205', 'NV48925', 1, 2023, 8260000),
('L00206', 'NV48925', 2, 2023, 9560000),
('L00207', 'NV48925', 3, 2023, 9820000),
('L00208', 'NV48925', 4, 2023, 9040000),
('L00209', 'NV48925', 5, 2023, 8520000),
('L00210', 'NV48925', 6, 2023, 9300000),
('L00211', 'NV48925', 7, 2023, 9820000),
('L00212', 'NV48925', 8, 2023, 8260000),
('L00213', 'NV48925', 9, 2023, 10340000),
('L00214', 'NV48925', 10, 2023, 8520000),
('L00215', 'NV48925', 11, 2023, 10340000),
('L00216', 'NV48925', 12, 2023, 9040000),
('L00217', 'NV72504', 1, 2023, 8520000),
('L00218', 'NV72504', 2, 2023, 9040000),
('L00219', 'NV72504', 3, 2023, 8260000),
('L00220', 'NV72504', 4, 2023, 8780000),
('L00221', 'NV72504', 5, 2023, 9040000),
('L00222', 'NV72504', 6, 2023, 8260000),
('L00223', 'NV72504', 7, 2023, 9040000),
('L00224', 'NV72504', 8, 2023, 9040000),
('L00225', 'NV72504', 9, 2023, 9300000),
('L00226', 'NV72504', 10, 2023, 9820000),
('L00227', 'NV72504', 11, 2023, 10340000),
('L00228', 'NV72504', 12, 2023, 9300000),
('L00229', 'NV72610', 1, 2023, 8420000),
('L00230', 'NV72610', 2, 2023, 8680000),
('L00231', 'NV72610', 3, 2023, 9980000),
('L00232', 'NV72610', 4, 2023, 8420000),
('L00233', 'NV72610', 5, 2023, 8420000),
('L00234', 'NV72610', 6, 2023, 9720000),
('L00235', 'NV72610', 7, 2023, 7900000),
('L00236', 'NV72610', 8, 2023, 9460000),
('L00237', 'NV72610', 9, 2023, 8680000),
('L00238', 'NV72610', 10, 2023, 8940000),
('L00239', 'NV72610', 11, 2023, 9460000),
('L00240', 'NV72610', 12, 2023, 9720000),
('L00241', 'NV74810', 1, 2023, 8880000),
('L00242', 'NV74810', 2, 2023, 10700000),
('L00243', 'NV74810', 3, 2023, 9660000),
('L00244', 'NV74810', 4, 2023, 9660000),
('L00245', 'NV74810', 5, 2023, 9660000),
('L00246', 'NV74810', 6, 2023, 9660000),
('L00247', 'NV74810', 7, 2023, 10180000),
('L00248', 'NV74810', 8, 2023, 9400000),
('L00249', 'NV74810', 9, 2023, 9140000),
('L00250', 'NV74810', 10, 2023, 10180000),
('L00251', 'NV74810', 11, 2023, 9920000),
('L00252', 'NV74810', 12, 2023, 10700000),
('L00253', 'NV74825', 1, 2023, 8080000),
('L00254', 'NV74825', 2, 2023, 8340000),
('L00255', 'NV74825', 3, 2023, 9120000),
('L00256', 'NV74825', 4, 2023, 8340000),
('L00257', 'NV74825', 5, 2023, 9120000),
('L00258', 'NV74825', 6, 2023, 9640000),
('L00259', 'NV74825', 7, 2023, 8340000),
('L00260', 'NV74825', 8, 2023, 9640000),
('L00261', 'NV74825', 9, 2023, 9380000),
('L00262', 'NV74825', 10, 2023, 9900000),
('L00263', 'NV74825', 11, 2023, 9120000),
('L00264', 'NV74825', 12, 2023, 9120000),
('L00265', 'NV82016', 1, 2023, 10440000),
('L00266', 'NV82016', 2, 2023, 9920000),
('L00267', 'NV82016', 3, 2023, 8880000),
('L00268', 'NV82016', 4, 2023, 10180000),
('L00269', 'NV82016', 5, 2023, 9920000),
('L00270', 'NV82016', 6, 2023, 9660000),
('L00271', 'NV82016', 7, 2023, 8620000),
('L00272', 'NV82016', 8, 2023, 8880000),
('L00273', 'NV82016', 9, 2023, 9920000),
('L00274', 'NV82016', 10, 2023, 10180000),
('L00275', 'NV82016', 11, 2023, 9660000),
('L00276', 'NV82016', 12, 2023, 9400000),
('L00277', 'NV82356', 1, 2023, 7980000),
('L00278', 'NV82356', 2, 2023, 8500000),
('L00279', 'NV82356', 3, 2023, 9540000),
('L00280', 'NV82356', 4, 2023, 9280000),
('L00281', 'NV82356', 5, 2023, 9540000),
('L00282', 'NV82356', 6, 2023, 7980000),
('L00283', 'NV82356', 7, 2023, 9280000),
('L00284', 'NV82356', 8, 2023, 7720000),
('L00285', 'NV82356', 9, 2023, 9280000),
('L00286', 'NV82356', 10, 2023, 8240000),
('L00287', 'NV82356', 11, 2023, 8240000),
('L00288', 'NV82356', 12, 2023, 8760000),
('L00289', 'NV85612', 1, 2023, 10000000),
('L00290', 'NV85612', 2, 2023, 8440000),
('L00291', 'NV85612', 3, 2023, 10000000),
('L00292', 'NV85612', 4, 2023, 8960000),
('L00293', 'NV85612', 5, 2023, 8700000),
('L00294', 'NV85612', 6, 2023, 8700000),
('L00295', 'NV85612', 7, 2023, 9740000),
('L00296', 'NV85612', 8, 2023, 8440000),
('L00297', 'NV85612', 9, 2023, 10520000),
('L00298', 'NV85612', 10, 2023, 10000000),
('L00299', 'NV85612', 11, 2023, 8960000),
('L00300', 'NV85612', 12, 2023, 10000000),
('L00301', 'NV89216', 1, 2023, 9120000),
('L00302', 'NV89216', 2, 2023, 9900000),
('L00303', 'NV89216', 3, 2023, 8600000),
('L00304', 'NV89216', 4, 2023, 9120000),
('L00305', 'NV89216', 5, 2023, 9380000),
('L00306', 'NV89216', 6, 2023, 8860000),
('L00307', 'NV89216', 7, 2023, 10160000),
('L00308', 'NV89216', 8, 2023, 10160000),
('L00309', 'NV89216', 9, 2023, 8860000),
('L00310', 'NV89216', 10, 2023, 8080000),
('L00311', 'NV89216', 11, 2023, 9900000),
('L00312', 'NV89216', 12, 2023, 10160000),
('L00313', 'NV89513', 1, 2023, 8920000),
('L00314', 'NV89513', 2, 2023, 9180000),
('L00315', 'NV89513', 3, 2023, 8140000),
('L00316', 'NV89513', 4, 2023, 8920000),
('L00317', 'NV89513', 5, 2023, 8660000),
('L00318', 'NV89513', 6, 2023, 7360000),
('L00319', 'NV89513', 7, 2023, 9440000),
('L00320', 'NV89513', 8, 2023, 9180000),
('L00321', 'NV89513', 9, 2023, 8920000),
('L00322', 'NV89513', 10, 2023, 7620000),
('L00323', 'NV89513', 11, 2023, 8140000),
('L00324', 'NV89513', 12, 2023, 8400000),
('L00325', 'NV14682', 1, 2023, 11880000),
('L00326', 'NV14682', 2, 2023, 12220000),
('L00327', 'NV14682', 3, 2023, 12220000),
('L00328', 'NV14682', 4, 2023, 10520000),
('L00329', 'NV14682', 5, 2023, 11540000),
('L00330', 'NV14682', 6, 2023, 11200000),
('L00331', 'NV14682', 7, 2023, 12220000),
('L00332', 'NV14682', 8, 2023, 10180000),
('L00333', 'NV14682', 9, 2023, 11540000),
('L00334', 'NV14682', 10, 2023, 12220000),
('L00335', 'NV14682', 11, 2023, 12220000),
('L00336', 'NV14682', 12, 2023, 10520000),
('L00337', 'NV19463', 1, 2023, 10020000),
('L00338', 'NV19463', 2, 2023, 9680000),
('L00339', 'NV19463', 3, 2023, 12400000),
('L00340', 'NV19463', 4, 2023, 11380000),
('L00341', 'NV19463', 5, 2023, 12400000),
('L00342', 'NV19463', 6, 2023, 10020000),
('L00343', 'NV19463', 7, 2023, 11380000),
('L00344', 'NV19463', 8, 2023, 10700000),
('L00345', 'NV19463', 9, 2023, 10700000),
('L00346', 'NV19463', 10, 2023, 10360000),
('L00347', 'NV19463', 11, 2023, 12060000),
('L00348', 'NV19463', 12, 2023, 11720000),
('L00349', 'NV21945', 1, 2023, 10340000),
('L00350', 'NV21945', 2, 2023, 10340000),
('L00351', 'NV21945', 3, 2023, 9320000),
('L00352', 'NV21945', 4, 2023, 11700000),
('L00353', 'NV21945', 5, 2023, 11360000),
('L00354', 'NV21945', 6, 2023, 10680000),
('L00355', 'NV21945', 7, 2023, 9320000),
('L00356', 'NV21945', 8, 2023, 12040000),
('L00357', 'NV21945', 9, 2023, 10000000),
('L00358', 'NV21945', 10, 2023, 9660000),
('L00359', 'NV21945', 11, 2023, 11020000),
('L00360', 'NV21945', 12, 2023, 11700000),
('L00361', 'NV37491', 1, 2023, 12940000),
('L00362', 'NV37491', 2, 2023, 10560000),
('L00363', 'NV37491', 3, 2023, 10220000),
('L00364', 'NV37491', 4, 2023, 12260000),
('L00365', 'NV37491', 5, 2023, 11240000),
('L00366', 'NV37491', 6, 2023, 10900000),
('L00367', 'NV37491', 7, 2023, 10900000),
('L00368', 'NV37491', 8, 2023, 11580000),
('L00369', 'NV37491', 9, 2023, 12600000),
('L00370', 'NV37491', 10, 2023, 11580000),
('L00371', 'NV37491', 11, 2023, 11240000),
('L00372', 'NV37491', 12, 2023, 11580000),
('L00373', 'NV43729', 1, 2023, 11740000),
('L00374', 'NV43729', 2, 2023, 10720000),
('L00375', 'NV43729', 3, 2023, 11740000),
('L00376', 'NV43729', 4, 2023, 11060000),
('L00377', 'NV43729', 5, 2023, 12420000),
('L00378', 'NV43729', 6, 2023, 12760000),
('L00379', 'NV43729', 7, 2023, 11740000),
('L00380', 'NV43729', 8, 2023, 11060000),
('L00381', 'NV43729', 9, 2023, 11060000),
('L00382', 'NV43729', 10, 2023, 10040000),
('L00383', 'NV43729', 11, 2023, 12420000),
('L00384', 'NV43729', 12, 2023, 12080000),
('L00385', 'NV49102', 1, 2023, 10360000),
('L00386', 'NV49102', 2, 2023, 9680000),
('L00387', 'NV49102', 3, 2023, 11720000),
('L00388', 'NV49102', 4, 2023, 12400000),
('L00389', 'NV49102', 5, 2023, 9680000),
('L00390', 'NV49102', 6, 2023, 11380000),
('L00391', 'NV49102', 7, 2023, 10700000),
('L00392', 'NV49102', 8, 2023, 11040000),
('L00393', 'NV49102', 9, 2023, 10020000),
('L00394', 'NV49102', 10, 2023, 9680000),
('L00395', 'NV49102', 11, 2023, 10360000),
('L00396', 'NV49102', 12, 2023, 11040000),
('L00397', 'NV49163', 1, 2023, 11220000),
('L00398', 'NV49163', 2, 2023, 11220000),
('L00399', 'NV49163', 3, 2023, 11900000),
('L00400', 'NV49163', 4, 2023, 11900000),
('L00401', 'NV49163', 5, 2023, 10200000),
('L00402', 'NV49163', 6, 2023, 11560000),
('L00403', 'NV49163', 7, 2023, 11220000),
('L00404', 'NV49163', 8, 2023, 11220000),
('L00405', 'NV49163', 9, 2023, 10200000),
('L00406', 'NV49163', 10, 2023, 10200000),
('L00407', 'NV49163', 11, 2023, 12240000),
('L00408', 'NV49163', 12, 2023, 10880000),
('L00409', 'NV50493', 1, 2023, 11200000),
('L00410', 'NV50493', 2, 2023, 11880000),
('L00411', 'NV50493', 3, 2023, 11880000),
('L00412', 'NV50493', 4, 2023, 12220000),
('L00413', 'NV50493', 5, 2023, 9500000),
('L00414', 'NV50493', 6, 2023, 11540000),
('L00415', 'NV50493', 7, 2023, 11880000),
('L00416', 'NV50493', 8, 2023, 12220000),
('L00417', 'NV50493', 9, 2023, 9840000),
('L00418', 'NV50493', 10, 2023, 12220000),
('L00419', 'NV50493', 11, 2023, 11200000),
('L00420', 'NV50493', 12, 2023, 10860000),
('L00421', 'NV59147', 1, 2023, 10340000),
('L00422', 'NV59147', 2, 2023, 12040000),
('L00423', 'NV59147', 3, 2023, 11020000),
('L00424', 'NV59147', 4, 2023, 11700000),
('L00425', 'NV59147', 5, 2023, 9660000),
('L00426', 'NV59147', 6, 2023, 9320000),
('L00427', 'NV59147', 7, 2023, 11700000),
('L00428', 'NV59147', 8, 2023, 10340000),
('L00429', 'NV59147', 9, 2023, 10680000),
('L00430', 'NV59147', 10, 2023, 10680000),
('L00431', 'NV59147', 11, 2023, 10680000),
('L00432', 'NV59147', 12, 2023, 11360000),
('L00433', 'NV64390', 1, 2023, 11360000),
('L00434', 'NV64390', 2, 2023, 9660000),
('L00435', 'NV64390', 3, 2023, 12040000),
('L00436', 'NV64390', 4, 2023, 11360000),
('L00437', 'NV64390', 5, 2023, 10680000),
('L00438', 'NV64390', 6, 2023, 10340000),
('L00439', 'NV64390', 7, 2023, 11700000),
('L00440', 'NV64390', 8, 2023, 11700000),
('L00441', 'NV64390', 9, 2023, 10340000),
('L00442', 'NV64390', 10, 2023, 12040000),
('L00443', 'NV64390', 11, 2023, 9320000),
('L00444', 'NV64390', 12, 2023, 11020000),
('L00445', 'NV70549', 1, 2023, 11040000),
('L00446', 'NV70549', 2, 2023, 10020000),
('L00447', 'NV70549', 3, 2023, 9680000),
('L00448', 'NV70549', 4, 2023, 10020000),
('L00449', 'NV70549', 5, 2023, 12400000),
('L00450', 'NV70549', 6, 2023, 11040000),
('L00451', 'NV70549', 7, 2023, 12400000),
('L00452', 'NV70549', 8, 2023, 11040000),
('L00453', 'NV70549', 9, 2023, 12060000),
('L00454', 'NV70549', 10, 2023, 11040000),
('L00455', 'NV70549', 11, 2023, 11040000),
('L00456', 'NV70549', 12, 2023, 10360000),
('L00457', 'NV72503', 1, 2023, 9320000),
('L00458', 'NV72503', 2, 2023, 9320000),
('L00459', 'NV72503', 3, 2023, 9660000),
('L00460', 'NV72503', 4, 2023, 9660000),
('L00461', 'NV72503', 5, 2023, 9320000),
('L00462', 'NV72503', 6, 2023, 9660000),
('L00463', 'NV72503', 7, 2023, 11360000),
('L00464', 'NV72503', 8, 2023, 11020000),
('L00465', 'NV72503', 9, 2023, 11700000),
('L00466', 'NV72503', 10, 2023, 11020000),
('L00467', 'NV72503', 11, 2023, 10000000),
('L00468', 'NV72503', 12, 2023, 10000000),
('L00469', 'NV91582', 1, 2023, 12060000),
('L00470', 'NV91582', 2, 2023, 12060000),
('L00471', 'NV91582', 3, 2023, 10700000),
('L00472', 'NV91582', 4, 2023, 10020000),
('L00473', 'NV91582', 5, 2023, 11720000),
('L00474', 'NV91582', 6, 2023, 11040000),
('L00475', 'NV91582', 7, 2023, 10020000),
('L00476', 'NV91582', 8, 2023, 11380000),
('L00477', 'NV91582', 9, 2023, 11040000),
('L00478', 'NV91582', 10, 2023, 10700000),
('L00479', 'NV91582', 11, 2023, 10360000),
('L00480', 'NV91582', 12, 2023, 11720000),
('L00481', 'NV25307', 1, 2023, 12200000),
('L00482', 'NV25307', 2, 2023, 11560000),
('L00483', 'NV25307', 3, 2023, 10920000),
('L00484', 'NV25307', 4, 2023, 12200000),
('L00485', 'NV25307', 5, 2023, 10600000),
('L00486', 'NV25307', 6, 2023, 9640000),
('L00487', 'NV25307', 7, 2023, 11240000),
('L00488', 'NV25307', 8, 2023, 10600000),
('L00489', 'NV25307', 9, 2023, 10280000),
('L00490', 'NV25307', 10, 2023, 10600000),
('L00491', 'NV25307', 11, 2023, 12200000),
('L00492', 'NV25307', 12, 2023, 11880000),
('L00493', 'NV31549', 1, 2023, 9460000),
('L00494', 'NV31549', 2, 2023, 10100000),
('L00495', 'NV31549', 3, 2023, 11700000),
('L00496', 'NV31549', 4, 2023, 11060000),
('L00497', 'NV31549', 5, 2023, 10100000),
('L00498', 'NV31549', 6, 2023, 9460000),
('L00499', 'NV31549', 7, 2023, 11380000),
('L00500', 'NV31549', 8, 2023, 10740000),
('L00501', 'NV31549', 9, 2023, 9460000),
('L00502', 'NV31549', 10, 2023, 9780000),
('L00503', 'NV31549', 11, 2023, 11060000),
('L00504', 'NV31549', 12, 2023, 10740000),
('L00505', 'NV39853', 1, 2023, 12020000),
('L00506', 'NV39853', 2, 2023, 9780000),
('L00507', 'NV39853', 3, 2023, 9460000),
('L00508', 'NV39853', 4, 2023, 10100000),
('L00509', 'NV39853', 5, 2023, 12020000),
('L00510', 'NV39853', 6, 2023, 10740000),
('L00511', 'NV39853', 7, 2023, 10420000),
('L00512', 'NV39853', 8, 2023, 10420000),
('L00513', 'NV39853', 9, 2023, 11060000),
('L00514', 'NV39853', 10, 2023, 10100000),
('L00515', 'NV39853', 11, 2023, 11700000),
('L00516', 'NV39853', 12, 2023, 11700000),
('L00517', 'NV41632', 1, 2023, 8740000),
('L00518', 'NV41632', 2, 2023, 10660000),
('L00519', 'NV41632', 3, 2023, 8740000),
('L00520', 'NV41632', 4, 2023, 10020000),
('L00521', 'NV41632', 5, 2023, 10340000),
('L00522', 'NV41632', 6, 2023, 9380000),
('L00523', 'NV41632', 7, 2023, 10340000),
('L00524', 'NV41632', 8, 2023, 9380000),
('L00525', 'NV41632', 9, 2023, 8740000),
('L00526', 'NV41632', 10, 2023, 9060000),
('L00527', 'NV41632', 11, 2023, 10020000),
('L00528', 'NV41632', 12, 2023, 9380000),
('L00529', 'NV61539', 1, 2023, 10700000),
('L00530', 'NV61539', 2, 2023, 9420000),
('L00531', 'NV61539', 3, 2023, 11340000),
('L00532', 'NV61539', 4, 2023, 11020000),
('L00533', 'NV61539', 5, 2023, 10060000),
('L00534', 'NV61539', 6, 2023, 11340000),
('L00535', 'NV61539', 7, 2023, 9740000),
('L00536', 'NV61539', 8, 2023, 10380000),
('L00537', 'NV61539', 9, 2023, 9740000),
('L00538', 'NV61539', 10, 2023, 11340000),
('L00539', 'NV61539', 11, 2023, 10060000),
('L00540', 'NV61539', 12, 2023, 11660000),
('L00541', 'NV61835', 1, 2023, 9960000),
('L00542', 'NV61835', 2, 2023, 11240000),
('L00543', 'NV61835', 3, 2023, 11240000),
('L00544', 'NV61835', 4, 2023, 10600000),
('L00545', 'NV61835', 5, 2023, 11880000),
('L00546', 'NV61835', 6, 2023, 11240000),
('L00547', 'NV61835', 7, 2023, 10920000),
('L00548', 'NV61835', 8, 2023, 9640000),
('L00549', 'NV61835', 9, 2023, 9960000),
('L00550', 'NV61835', 10, 2023, 12200000),
('L00551', 'NV61835', 11, 2023, 11880000),
('L00552', 'NV61835', 12, 2023, 11880000),
('L00553', 'NV64319', 1, 2023, 10920000),
('L00554', 'NV64319', 2, 2023, 11880000),
('L00555', 'NV64319', 3, 2023, 12200000),
('L00556', 'NV64319', 4, 2023, 12200000),
('L00557', 'NV64319', 5, 2023, 9960000),
('L00558', 'NV64319', 6, 2023, 11240000),
('L00559', 'NV64319', 7, 2023, 11880000),
('L00560', 'NV64319', 8, 2023, 9640000),
('L00561', 'NV64319', 9, 2023, 10920000),
('L00562', 'NV64319', 10, 2023, 10600000),
('L00563', 'NV64319', 11, 2023, 9640000),
('L00564', 'NV64319', 12, 2023, 10280000),
('L00565', 'NV65184', 1, 2023, 10340000),
('L00566', 'NV65184', 2, 2023, 9380000),
('L00567', 'NV65184', 3, 2023, 11300000),
('L00568', 'NV65184', 4, 2023, 11300000),
('L00569', 'NV65184', 5, 2023, 9380000),
('L00570', 'NV65184', 6, 2023, 9060000),
('L00571', 'NV65184', 7, 2023, 11300000),
('L00572', 'NV65184', 8, 2023, 8740000),
('L00573', 'NV65184', 9, 2023, 10980000),
('L00574', 'NV65184', 10, 2023, 8740000),
('L00575', 'NV65184', 11, 2023, 10020000),
('L00576', 'NV65184', 12, 2023, 9380000),
('L00577', 'NV68294', 1, 2023, 9740000),
('L00578', 'NV68294', 2, 2023, 11340000),
('L00579', 'NV68294', 3, 2023, 9100000),
('L00580', 'NV68294', 4, 2023, 11660000),
('L00581', 'NV68294', 5, 2023, 10380000),
('L00582', 'NV68294', 6, 2023, 9420000),
('L00583', 'NV68294', 7, 2023, 10700000),
('L00584', 'NV68294', 8, 2023, 9740000),
('L00585', 'NV68294', 9, 2023, 9100000),
('L00586', 'NV68294', 10, 2023, 11020000),
('L00587', 'NV68294', 11, 2023, 10380000),
('L00588', 'NV68294', 12, 2023, 10060000),
('L00589', 'NV68429', 1, 2023, 11060000),
('L00590', 'NV68429', 2, 2023, 10420000),
('L00591', 'NV68429', 3, 2023, 9460000),
('L00592', 'NV68429', 4, 2023, 10100000),
('L00593', 'NV68429', 5, 2023, 9460000),
('L00594', 'NV68429', 6, 2023, 9780000),
('L00595', 'NV68429', 7, 2023, 9780000),
('L00596', 'NV68429', 8, 2023, 10740000),
('L00597', 'NV68429', 9, 2023, 10100000),
('L00598', 'NV68429', 10, 2023, 11700000),
('L00599', 'NV68429', 11, 2023, 9460000),
('L00600', 'NV68429', 12, 2023, 9460000),
('L00601', 'NV70291', 1, 2023, 10980000),
('L00602', 'NV70291', 2, 2023, 8740000),
('L00603', 'NV70291', 3, 2023, 10660000),
('L00604', 'NV70291', 4, 2023, 9060000),
('L00605', 'NV70291', 5, 2023, 10980000),
('L00606', 'NV70291', 6, 2023, 11300000),
('L00607', 'NV70291', 7, 2023, 9060000),
('L00608', 'NV70291', 8, 2023, 11300000),
('L00609', 'NV70291', 9, 2023, 9380000),
('L00610', 'NV70291', 10, 2023, 10020000),
('L00611', 'NV70291', 11, 2023, 9380000),
('L00612', 'NV70291', 12, 2023, 9700000),
('L00613', 'NV78529', 1, 2023, 10660000),
('L00614', 'NV78529', 2, 2023, 10980000),
('L00615', 'NV78529', 3, 2023, 9060000),
('L00616', 'NV78529', 4, 2023, 8740000),
('L00617', 'NV78529', 5, 2023, 11300000),
('L00618', 'NV78529', 6, 2023, 8740000),
('L00619', 'NV78529', 7, 2023, 10020000),
('L00620', 'NV78529', 8, 2023, 10020000),
('L00621', 'NV78529', 9, 2023, 11300000),
('L00622', 'NV78529', 10, 2023, 11300000),
('L00623', 'NV78529', 11, 2023, 9380000),
('L00624', 'NV78529', 12, 2023, 8740000),
('L00625', 'NV93851', 1, 2023, 11160000),
('L00626', 'NV93851', 2, 2023, 11480000),
('L00627', 'NV93851', 3, 2023, 10520000),
('L00628', 'NV93851', 4, 2023, 9560000),
('L00629', 'NV93851', 5, 2023, 9240000),
('L00630', 'NV93851', 6, 2023, 9880000),
('L00631', 'NV93851', 7, 2023, 11160000),
('L00632', 'NV93851', 8, 2023, 10840000),
('L00633', 'NV93851', 9, 2023, 11480000),
('L00634', 'NV93851', 10, 2023, 11160000),
('L00635', 'NV93851', 11, 2023, 9560000),
('L00636', 'NV93851', 12, 2023, 11160000),
('L00637', 'NV84520', 1, 2023, 7280000),
('L00638', 'NV84520', 2, 2023, 8160000),
('L00639', 'NV84520', 3, 2023, 7940000),
('L00640', 'NV84520', 4, 2023, 7720000),
('L00641', 'NV84520', 5, 2023, 8600000),
('L00642', 'NV84520', 6, 2023, 8380000),
('L00643', 'NV84520', 7, 2023, 9040000),
('L00644', 'NV84520', 8, 2023, 7940000),
('L00645', 'NV84520', 9, 2023, 8820000),
('L00646', 'NV84520', 10, 2023, 7280000),
('L00647', 'NV84520', 11, 2023, 7720000),
('L00648', 'NV84520', 12, 2023, 8380000);

-- --------------------------------------------------------

--
-- Table structure for table `nhanvien`
--

CREATE TABLE `nhanvien` (
  `MaNhanVien` varchar(255) NOT NULL,
  `HoTen` text DEFAULT NULL,
  `GioiTinh` varchar(10) DEFAULT NULL,
  `NgaySinh` date DEFAULT NULL,
  `DiaChi` text DEFAULT NULL,
  `SoDienThoai` text DEFAULT NULL,
  `QueQuan` text DEFAULT NULL,
  `MaPhong` varchar(255) DEFAULT NULL,
  `MaChucVu` varchar(255) DEFAULT NULL,
  `MatKhau` text DEFAULT NULL,
  `LoaiNguoiDung` bit(1) DEFAULT NULL,
  `HeSoLuong` decimal(5,2) DEFAULT NULL
) ENGINE=InnoDB DEFAULT CHARSET=utf8mb4 COLLATE=utf8mb4_vietnamese_ci;

--
-- Dumping data for table `nhanvien`
--

INSERT INTO `nhanvien` (`MaNhanVien`, `HoTen`, `GioiTinh`, `NgaySinh`, `DiaChi`, `SoDienThoai`, `QueQuan`, `MaPhong`, `MaChucVu`, `MatKhau`, `LoaiNguoiDung`, `HeSoLuong`) VALUES
('NV12945', 'Trần Văn Huy', 'Nam', '1988-01-05', '742 Đường Trần Phú, Phường Hải Tân, Thành phố Tuy Hòa, Tỉnh Phú Yên', '0983 210 987', 'Phú Yên', 'P23970', 'CV13893', 'password123', b'0', 1.90),
('NV14682', 'Nguyễn Văn Phúc', 'Nam', '1985-09-20', '842 Đường Nguyễn Văn Linh, Phường Tân Thuận Đông, Quận 7, Thành phố Hồ Chí Minh', '0971 234 567', 'Hồ Chí Minh', 'P23970', 'CV58723', 'password456', b'0', 1.50),
('NV16349', 'Lê Thị Nhung', 'Nữ', '1996-07-15', '537 Đường Nguyễn Văn Cừ, Phường An Phú, Quận 2, Thành phố Hồ Chí Minh', '0902 109 876', 'Hồ Chí Minh', 'P73116', 'CV13893', 'password123', b'0', 1.80),
('NV16872', 'Lê Thị Lan', 'Nữ', '1997-05-13', '789 Đường Lý Thường Kiệt, Phường Tân Định, Quận 1, Thành phố Hồ Chí Minh', '0912 345 678', 'Hồ Chí Minh', 'P53344', 'CV13893', 'password789', b'0', 1.90),
('NV18357', 'Phạm Thị Nhung', 'Nữ', '1995-09-11', '677 Đường Hùng Vương, Phường Phan Bội Châu, Thành phố Thanh Hóa, Tỉnh Thanh Hóa', '0943 210 987', 'Thanh Hóa', 'P23970', 'CV13893', 'password789', b'0', 1.50),
('NV19463', 'Đỗ Văn Cường', 'Nam', '1988-09-15', '159 Đường Lê Hồng Phong, Phường Phước Ninh, Quận Hải Châu, Thành phố Đà Nẵng', '0923 456 789', 'Đà Nẵng', 'P53344', 'CV58723', 'password456', b'0', 1.60),
('NV21945', 'Trần Quốc Anh', 'Nam', '1991-08-05', '321 Đường Bạch Đằng, Phường Quang Trung, Quận Gò Vấp, Thành phố Hồ Chí Minh', '0903 456 789', 'Hồ Chí Minh', 'P53451', 'CV58723', 'password123', b'0', 1.40),
('NV25307', 'Lê Thị Quyên', 'Nữ', '1992-04-15', '531 Đường Lê Duẩn, Phường Vĩnh Trại, Thành phố Lạng Sơn, Tỉnh Lạng Sơn', '0919 876 543', 'Lạng Sơn', 'P53344', 'CV74707', 'password789', b'0', 1.80),
('NV27394', 'Huỳnh Thị Yến', 'Nữ', '1996-06-15', '830 Đường Trần Hưng Đạo, Phường 3, Thành phố Hội An, Tỉnh Quảng Nam', '0915 210 987', 'Quảng Nam', 'P53451', 'CV13893', 'password789', b'0', 1.70),
('NV30547', 'Huỳnh Văn Anh', 'Nam', '1992-07-10', '357 Đường Nguyễn Huệ, Phường Bến Nghé, Quận 1, Thành phố Hồ Chí Minh', '0916 789 012', 'Hồ Chí Minh', 'P87000', 'CV51085', 'password123', b'0', 1.20),
('NV31549', 'Phạm Thị Quỳnh', 'Nữ', '1992-04-05', '754 Đường Nguyễn Hữu Thọ, Phường An Phú, Quận 2, Thành phố Hồ Chí Minh', '0972 543 210', 'Hồ Chí Minh', 'P23970', 'CV74707', 'password789', b'0', 1.70),
('NV37491', 'Hoàng Văn Tuấn', 'Nam', '1988-12-01', '489 Đường Trần Hưng Đạo, Phường Mỹ Trà, Quận Long Xuyên, Thành phố Long Xuyên, Tỉnh An Giang', '0958 901 234', 'An Giang', 'P87000', 'CV58723', 'password789', b'0', 1.90),
('NV37685', 'Trần Văn Hải', 'Nam', '1990-05-15', '753 Đường Lê Duẩn, Phường Trần Phú, Thành phố Cam Ranh, Tỉnh Khánh Hòa', '0968 765 432', 'Khánh Hòa', 'P23970', 'CV13893', 'password456', b'0', 1.60),
('NV39853', 'Phạm Thị Bình', 'Nữ', '1993-10-09', '987 Đường Trần Hưng Đạo, Phường Bến Thành, Quận 1, Thành phố Hồ Chí Minh', '0978 901 234', 'Hồ Chí Minh', 'P87000', 'CV74707', 'password456', b'0', 1.70),
('NV41632', 'Phạm Văn Linh', 'Nam', '1986-11-05', '703 Đường Trần Hưng Đạo, Phường Hải Cảng, Thành phố Hạ Long, Tỉnh Quảng Ninh', '0948 765 432', 'Quảng Ninh', 'P53344', 'CV74707', 'password456', b'0', 1.30),
('NV42915', 'Lê Thị Trang', 'Nữ', '1991-02-10', '537 Đường Trần Phú, Phường Tân Lập, Thành phố Pleiku, Tỉnh Gia Lai', '0929 876 543', 'Gia Lai', 'P23970', 'CV51085', 'password456', b'0', 1.80),
('NV42958', 'Lê Thị Cam', 'Nữ', '1993-01-20', '157 Đường Nguyễn Văn Linh, Phường Hưng Lợi, Thành phố Thủ Dầu Một, Tỉnh Bình Dương', '0979 876 543', 'Bình Dương', 'P23970', 'CV51085', 'password789', b'0', 1.90),
('NV43729', 'Nguyễn Văn Bình', 'Nam', '1987-05-17', '582 Đường Lý Thái Tổ, Phường Phan Thanh, Quận Hải Châu, Thành phố Đà Nẵng', '0932 109 876', 'Đà Nẵng', 'P53344', 'CV58723', 'password789', b'0', 1.80),
('NV44182', 'Nguyễn Thị Thanh', 'Nữ', '1994-06-25', '416 Đường Trần Hưng Đạo, Phường An Phú, Quận 2, Thành phố Hồ Chí Minh', '0980 543 210', 'Hồ Chí Minh', 'P53451', 'CV13893', 'password456', b'0', 1.50),
('NV48925', 'Trần Đức Sơn', 'Nam', '1990-11-10', '407 Đường Nguyễn Tất Thành, Phường Hòa Hiệp Nam, Quận Liên Chiểu, Thành phố Đà Nẵng', '0967 890 123', 'Đà Nẵng', 'P53451', 'CV51085', 'password123', b'0', 1.70),
('NV49102', 'Bùi Ngọc Anh', 'Nữ', '1993-12-10', '279 Đường Trần Hưng Đạo, Phường Hải Châu II, Quận Hải Châu, Thành phố Đà Nẵng', '0960 098 765', 'Đà Nẵng', 'P73116', 'CV58723', 'password123', b'1', 1.60),
('NV49163', 'Hoàng Văn Bảo', 'Nam', '1988-02-05', '845 Đường Lê Lợi, Phường Nghĩa Chánh, Thành phố Quảng Ngãi, Tỉnh Quảng Ngãi', '0921 098 765', 'Quảng Ngãi', 'P53344', 'CV58723', 'password123', b'0', 1.70),
('NV50493', 'Phạm Thị Đào', 'Nữ', '1994-02-20', '246 Đường Điện Biên Phủ, Phường Nghĩa Lộ, Thành phố Sơn La, Tỉnh Sơn La', '0981 234 567', 'Sơn La', 'P53451', 'CV58723', 'password456', b'0', 1.50),
('NV53692', 'Bùi Thị Ngọc', 'Nữ', '1996-05-05', '742 Đường Nguyễn Văn Linh, Phường An Khánh, Quận Ninh Kiều, Thành phố Cần Thơ', '0925 678 901', 'Cần Thơ', 'P87000', 'CV13893', 'password123', b'0', 1.30),
('NV53872', 'Võ Thị Hoa', 'Nữ', '1992-04-25', '753 Đường Trần Phú, Phường Vĩnh Trại, Quận Lê Chân, Thành phố Hải Phòng', '0945 678 901', 'Hải Phòng', 'P23970', 'CV13893', 'password123', b'0', 1.70),
('NV54236', 'Trần Văn Hùng', 'Nam', '1987-06-15', '945 Đường Lê Duẩn, Phường Phước Trung, Thành phố Buôn Ma Thuột, Tỉnh Đắk Lắk', '0933 210 987', 'Đắk Lắk', 'P87000', 'CV13893', 'password789', b'0', 1.50),
('NV59147', 'Nguyễn Thị Hà', 'Nữ', '1992-11-10', '103 Đường Hùng Vương, Phường Hải Tân, Thành phố Tuy Hòa, Tỉnh Phú Yên', '0907 654 321', 'Phú Yên', 'P53344', 'CV58723', 'password789', b'0', 1.40),
('NV61539', 'Võ Thị Uyên', 'Nữ', '1991-03-30', '869 Đường Lê Lợi, Phường Hưng Lợi, Thành phố Cao Lãnh, Tỉnh Đồng Tháp', '0992 345 678', 'Đồng Tháp', 'P23970', 'CV74707', 'password123', b'0', 1.50),
('NV61835', 'Ngô Thị Ngọc', 'Nữ', '1996-02-28', '864 Đường Nguyễn Văn Linh, Phường Hưng Phú, Quận Cái Răng, Thành phố Cần Thơ', '0986 543 210', 'Cần Thơ', 'P53451', 'CV74707', 'password789', b'0', 1.80),
('NV63985', 'Nguyễn Văn Tuấn', 'Nam', '1986-07-05', '602 Đường Lê Lợi, Phường Hưng Lợi, Thành phố Cao Lãnh, Tỉnh Đồng Tháp', '0942 109 876', 'Đồng Tháp', 'P53344', 'CV13893', 'password789', b'0', 1.70),
('NV64319', 'Hoàng Văn Đức', 'Nam', '1987-07-25', '357 Đường Trần Phú, Phường Trường An, Thành phố Bạc Liêu, Tỉnh Bạc Liêu', '0942 109 876', 'Bạc Liêu', 'P73116', 'CV74707', 'password789', b'0', 1.80),
('NV64390', 'Lê Thị Thúy', 'Nữ', '1996-09-01', '275 Đường Lê Duẩn, Phường Phước Trung, Thành phố Buôn Ma Thuột, Tỉnh Đắk Lắk', '0943 210 987', 'Đắk Lắk', 'P73116', 'CV58723', 'password789', b'0', 1.40),
('NV65184', 'Lê Thị Hoa', 'Nữ', '1994-08-01', '731 Đường Trần Hưng Đạo, Phường Mỹ An, Quận Ngũ Hành Sơn, Thành phố Đà Nẵng', '0975 432 109', 'Đà Nẵng', 'P53451', 'CV74707', 'password123', b'0', 1.30),
('NV68294', 'Trần Văn Đức', 'Nam', '1989-11-15', '156 Đường Nguyễn Văn Linh, Phường Tân Thuận Đông, Quận 7, Thành phố Hồ Chí Minh', '0930 098 765', 'Hồ Chí Minh', 'P73116', 'CV74707', 'password456', b'0', 1.50),
('NV68429', 'Võ Văn Hiệp', 'Nam', '1988-02-05', '682 Đường Nguyễn Văn Linh, Phường 1, Thành phố Bà Rịa, Tỉnh Bà Rịa - Vũng Tàu', '0940 321 098', 'Bà Rịa - Vũng Tàu', 'P53451', 'CV74707', 'password123', b'0', 1.70),
('NV69213', 'Phạm Hồng Trang', 'Nữ', '1994-08-25', '654 Đường Trần Hưng Đạo, Phường Nghĩa Lộ, Thành phố Sơn La, Tỉnh Sơn La', '0936 543 210', 'Sơn La', 'P73116', 'CV13893', 'password456', b'0', 1.30),
('NV70291', 'Nguyễn Thanh Bảo', 'Nam', '1986-04-05', '609 Đường Hùng Vương, Phường Hòa Thuận Tây, Quận Hải Châu, Thành phố Đà Nẵng', '0937 654 321', 'Đà Nẵng', 'P87000', 'CV74707', 'password456', b'0', 1.30),
('NV70549', 'Phan Thị Xuân', 'Nữ', '1993-04-20', '408 Đường Trần Phú, Phường Hưng Lợi, Thành phố Cao Lãnh, Tỉnh Đồng Tháp', '0979 654 321', 'Đồng Tháp', 'P53451', 'CV58723', 'password123', b'0', 1.60),
('NV72503', 'Nguyễn Thành Phúc', 'Nam', '1989-10-10', '358 Đường Lê Hồng Phong, Phường An Phú, Thành phố Rạch Giá, Tỉnh Kiên Giang', '0939 876 543', 'Kiên Giang', 'P87000', 'CV58723', 'password456', b'0', 1.40),
('NV72504', 'Lê Thị Giang', 'Nữ', '1996-10-01', '849 Đường Trần Hưng Đạo, Phường Phú Hòa, Thành phố Thủ Dầu Một, Tỉnh Bình Dương', '0911 432 109', 'Bình Dương', 'P87000', 'CV51085', 'password123', b'0', 1.70),
('NV72610', 'Hoàng Văn Bảo', 'Nam', '1995-12-30', '246 Đường Nguyễn Văn Cừ, Phường An Hòa, Quận Ninh Kiều, Thành phố Cần Thơ', '0934 567 890', 'Cần Thơ', 'P73116', 'CV51085', 'password789', b'0', 1.50),
('NV74810', 'Bùi Thị Hồng', 'Nữ', '1995-01-20', '840 Đường Trần Hưng Đạo, Phường Mỹ An, Quận Ngũ Hành Sơn, Thành phố Đà Nẵng', '0976 543 210', 'Đà Nẵng', 'P73116', 'CV51085', 'password456', b'0', 1.90),
('NV74825', 'Huỳnh Văn Hải', 'Nam', '1989-10-10', '367 Đường Nguyễn Hữu Thọ, Phường Tân Phong, Quận 7, Thành phố Hồ Chí Minh', '0954 321 098', 'Hồ Chí Minh', 'P73116', 'CV51085', 'password789', b'0', 1.60),
('NV78529', 'Phan Văn Tiến', 'Nam', '1988-12-15', '429 Đường Hùng Vương, Phường Hòa Phú, Thành phố Thuận An, Tỉnh Bình Dương', '0976 543 210', 'Bình Dương', 'P87000', 'CV74707', 'password123', b'0', 1.30),
('NV82016', 'Trần Văn An', 'Nam', '1990-06-20', '294 Đường Hoàng Diệu, Phường Vĩnh Hòa, Thành phố Nha Trang, Tỉnh Khánh Hòa', '0908 765 432', 'Khánh Hòa', 'P87000', 'CV51085', 'password456', b'1', 1.90),
('NV82035', 'Trần Văn Dũng', 'Nam', '1989-08-15', '803 Đường Trần Hưng Đạo, Phường Thanh Bình, Thành phố Vũng Tàu, Tỉnh Bà Rịa - Vũng Tàu', '0924 321 098', 'Bà Rịa - Vũng Tàu', 'P53344', 'CV13893', 'password123', b'0', 1.20),
('NV82356', 'Nguyễn Thị Hiền', 'Nữ', '1996-06-10', '304 Đường Hùng Vương, Phường An Phú, Thành phố Nha Trang, Tỉnh Khánh Hòa', '0914 321 098', 'Khánh Hòa', 'P87000', 'CV51085', 'password789', b'0', 1.40),
('NV84520', 'Nguyễn Thị Anh', 'Nữ', '1994-07-21', '456 Đường Nguyễn Thị Minh Khai, Phường 6, Quận 3, Thành phố Hồ Chí Minh', '0987 654 321', 'Hồ Chí Minh', 'P23970', 'CV81281', 'password456', b'0', 1.60),
('NV85612', 'Đoàn Xuân Vinh', 'Nam', '1987-07-20', '741 Đường Điện Biên Phủ, Phường Tân Thành, Thành phố Tuy Hòa, Tỉnh Phú Yên', '0946 789 012', 'Phú Yên', 'P53344', 'CV51085', 'password456', b'0', 1.80),
('NV89216', 'Trần Văn Sơn', 'Nam', '1987-01-20', '268 Đường Trần Hưng Đạo, Phường Bến Thành, Quận 1, Thành phố Hồ Chí Minh', '0911 210 987', 'Hồ Chí Minh', 'P53344', 'CV51085', 'password123', b'0', 1.60),
('NV89513', 'Võ Thị Mai', 'Nữ', '1993-08-20', '654 Đường Trần Phú, Phường 4, Thành phố Bà Rịa, Tỉnh Bà Rịa - Vũng Tàu', '0985 432 109', 'Bà Rịa - Vũng Tàu', 'P53451', 'CV51085', 'password789', b'0', 1.20),
('NV91582', 'Lê Thị Kiều', 'Nữ', '1991-03-01', '782 Đường Lê Lợi, Phường 2, Thành phố Tân An, Tỉnh Long An', '0970 987 654', 'Long An', 'P23970', 'CV58723', 'password123', b'0', 1.60),
('NV92715', 'Bùi Thị Lan', 'Nữ', '1990-11-03', '102 Đường Phan Chu Trinh, Phường Trần Hưng Đạo, Quận Hoàn Kiếm, Thành phố Hà Nội', '0963 210 987', 'Hà Nội', 'P23970', 'CV13893', 'password456', b'0', 1.50),
('NV93851', 'Nguyễn Thị Thảo', 'Nữ', '1993-12-20', '409 Đường Nguyễn Văn Linh, Phường Tân Thuận Tây, Quận 7, Thành phố Hồ Chí Minh', '0980 123 456', 'Hồ Chí Minh', 'P53451', 'CV74707', 'password456', b'0', 1.40);

-- --------------------------------------------------------

--
-- Table structure for table `phong`
--

CREATE TABLE `phong` (
  `MaPhong` varchar(255) NOT NULL,
  `TenPhong` text DEFAULT NULL,
  `DiaChiPhong` text DEFAULT NULL,
  `SoDienThoai` text DEFAULT NULL
) ENGINE=InnoDB DEFAULT CHARSET=utf8mb4 COLLATE=utf8mb4_vietnamese_ci;

--
-- Dumping data for table `phong`
--

INSERT INTO `phong` (`MaPhong`, `TenPhong`, `DiaChiPhong`, `SoDienThoai`) VALUES
('P23970', 'Kỹ thuật', 'Phòng 102', '1234823'),
('P53344', 'Marketing', 'Phòng 104', '7538478'),
('P53451', 'Kế toán & Tài chính', 'Phòng 101', '42353433'),
('P73116', 'Dịch vụ khách hàng', 'Phòng 105', '5476236'),
('P87000', 'Nhân sự ', 'Phòng 103', '0949321');

--
-- Indexes for dumped tables
--

--
-- Indexes for table `chamcong`
--
ALTER TABLE `chamcong`
  ADD PRIMARY KEY (`MaChamCong`),
  ADD KEY `MaNhanVien` (`MaNhanVien`);

--
-- Indexes for table `chucvu`
--
ALTER TABLE `chucvu`
  ADD PRIMARY KEY (`MaChucVu`);

--
-- Indexes for table `luong`
--
ALTER TABLE `luong`
  ADD PRIMARY KEY (`MaLuong`),
  ADD KEY `MaNhanVien` (`MaNhanVien`);

--
-- Indexes for table `nhanvien`
--
ALTER TABLE `nhanvien`
  ADD PRIMARY KEY (`MaNhanVien`),
  ADD KEY `MaPhong` (`MaPhong`),
  ADD KEY `MaChucVu` (`MaChucVu`);

--
-- Indexes for table `phong`
--
ALTER TABLE `phong`
  ADD PRIMARY KEY (`MaPhong`);

--
-- Constraints for dumped tables
--

--
-- Constraints for table `chamcong`
--
ALTER TABLE `chamcong`
  ADD CONSTRAINT `chamcong_ibfk_1` FOREIGN KEY (`MaNhanVien`) REFERENCES `nhanvien` (`MaNhanVien`);

--
-- Constraints for table `luong`
--
ALTER TABLE `luong`
  ADD CONSTRAINT `luong_ibfk_1` FOREIGN KEY (`MaNhanVien`) REFERENCES `nhanvien` (`MaNhanVien`);

--
-- Constraints for table `nhanvien`
--
ALTER TABLE `nhanvien`
  ADD CONSTRAINT `nhanvien_ibfk_1` FOREIGN KEY (`MaPhong`) REFERENCES `phong` (`MaPhong`),
  ADD CONSTRAINT `nhanvien_ibfk_2` FOREIGN KEY (`MaChucVu`) REFERENCES `chucvu` (`MaChucVu`);
COMMIT;

/*!40101 SET CHARACTER_SET_CLIENT=@OLD_CHARACTER_SET_CLIENT */;
/*!40101 SET CHARACTER_SET_RESULTS=@OLD_CHARACTER_SET_RESULTS */;
/*!40101 SET COLLATION_CONNECTION=@OLD_COLLATION_CONNECTION */;
